RawModel,GuessModel,Year
Outlander,Outlander,2020
Eclipse,NA,2018
Outlander Phev Sel,Outlander Sport,2018
Outlander,Outlander,2018
Outlander Sport Se,Outlander Sport,2014
Outlander Sport,Outlander,2013
Outlander Sport Es 4D,Outlander,2012
Lancer Gts,Lancer,2008
,Magna,2005
Eclipse,Eclipse,2003
Suburban High Country,Suburban,2021
Equinox Lt,Equinox,2021
Lifted Silverado 1500,Silverado 1500,2021
Silverado 1500 Lt,Silverado 1500,2021
Silverado 3500Hd Lt,Silverado 3500HD,2021
Silverado 1500 High,Silverado 1500,2021
Silverado 1500 High,Silverado 1500,2021
Equinox Lt,Equinox,2021
Silverado 1500 High,Silverado 1500,2021
Trailblazer Ls,Traverse,2021
Silverado 2500Hd,Silverado 2500HD,2021
Suburban High,Suburban,2021
Silverado 3500Hd Lt,Silverado 3500HD,2021
Silverado 1500 Lt,Silverado 1500,2021
Silverado 2500Hd,Silverado 2500HD,2021
Silverado 1500 Lt,Silverado 1500,2021
Blazer Lt,NA,2021
Equinox Lt,Equinox,2021
Equinox Lt,Equinox,2021
Silverado 1500 High,Silverado 1500,2021
Silverado 1500 High,Silverado 1500,2021
Silverado 1500 Lt,Silverado 1500,2021
Equinox Lt,Equinox,2021
Equinox Lt,Equinox,2021
Silverado 1500 High,Silverado 1500,2021
Silverado 1500 High,Silverado 1500,2021
Trailblazer Ls,Traverse,2021
Silverado 2500Hd,Silverado 2500HD,2021
Suburban High,Suburban,2021
Silverado 3500Hd Lt,Silverado 3500HD,2021
Silverado 1500 Lt,Silverado 1500,2021
Blazer Lt,NA,2021
Silverado 1500 Lt,Silverado 1500,2021
Blazer Lt,NA,2021
Silverado 1500 Lt,Silverado 1500,2021
Silverado 1500 High,Silverado 1500,2021
Equinox Lt,Equinox,2021
Silverado 1500 High,Silverado 1500,2021
Equinox Lt,Equinox,2021
Silverado 1500 High,Silverado 1500,2021
Blazer Lt,NA,2021
Trailblazer Ls,Traverse,2021
Silverado 2500Hd,Silverado 2500HD,2021
Silverado 2500Hd,Silverado 2500HD,2021
Trailblazer Rs,Traverse,2021
Traverse 2Lt,Traverse,2021
Traverse 2Lt,Traverse,2021
Equinox Lt,Equinox,2021
Silverado 1500 Lt,Silverado 1500,2021
Suburban High,Suburban,2021
Equinox Lt,Equinox,2021
Traverse 2Lt,Traverse,2021
Blazer Lt,NA,2021
Silverado 3500Hd Lt,Silverado 3500HD,2021
Silverado 1500 High,Silverado 1500,2021
Silverado 1500 High,Silverado 1500,2021
Equinox Lt,Equinox,2021
Trailblazer Rs,Traverse,2021
Equinox Lt,Equinox,2021
Silverado 1500 High,Silverado 1500,2021
Silverado 1500 High,Silverado 1500,2021
Equinox Lt,Equinox,2021
Silverado Deisel 3500,Silverado 3500HD,2021
Equinox Lt,Equinox,2021
Silverado 1500 Lt,Silverado 1500,2021
Blazer Lt,NA,2021
Silverado 1500 High,Silverado 1500,2021
Silverado 1500 Lt,Silverado 1500,2021
Silverado Durmax 3500,Silverado 3500HD,2020
Camaro 1Lt,Camaro,2020
Silverado Diesel 2500,Silverado 2500HD,2020
Silverado 1500 Lt 4X4,Silverado 1500,2020
Silverado 1500 Lt 4X4,Silverado 1500,2020
Silverado,Silverado 1500,2020
Lifted Silverado 1500,Silverado 1500,2020
Chevy Silverado 1500,Silverado 1500,2020
Silverado 1500 Lt 4X4,Silverado 1500,2020
Silverado 1500 Lt,Silverado 1500,2020
Camaro 1Lt,Camaro,2020
Silverado 1500 Lt 4X4,Silverado 1500,2020
Lifted Silverado 1500,Silverado 1500,2020
Lifted Silverado 1500,Silverado 1500,2020
Camaro 1Lt,Camaro,2020
Silverado 1500 Lt 4X4,Silverado 1500,2020
Chevy Corvette,Corvette,2020
Colorado Z71 4X4,Colorado,2020
Silverado 1500 Lt 4X4,Silverado 1500,2020
Camaro 1Lt,Camaro,2020
Silverado 1500 Rst,Silverado 1500,2020
Lifted Silverado 1500,Silverado 1500,2020
Silverado 3500 Work Truck,Silverado 3500HD,2020
Sonic Lt,Sonic,2020
Lifted Silverado 1500,Silverado 1500,2020
Blazer 2Lt Sport,NA,2020
Silverado 1500 Lt,Silverado 1500,2020
Traverse High,Traverse,2020
Spark,Spark,2020
Silverado,Silverado 1500,2020
Blazer 2Lt Sport,NA,2020
Colorado Crew Cab Lt,Colorado,2020
Sonic Lt,Sonic,2020
Camaro 1Lt,Camaro,2020
Silverado 1500 Lt 4X4,Silverado 1500,2020
Silverado Diesel 2500,Silverado 2500HD,2020
Lifted Silverado 1500,Silverado 1500,2020
Traverse High,Traverse,2020
1500 Lt Trail Boss,NA,2020
Silverado Diesels 2500,Silverado 2500HD,2020
Camaro 1Lt,Camaro,2020
Lifted Silverado 1500,Silverado 1500,2020
Silverado 1500 Lt 4Wd,Silverado 1500,2020
Silverado 1500 Lt 4X4,Silverado 1500,2020
Tahoe,Tahoe,2020
Bolt Ev Lt Hatchback,NA,2020
Blazer 2Lt Sport,NA,2020
Tahoe,Tahoe,2020
Silverado 3500Hd,Silverado 3500HD,2020
Colorado Crew Cab Lt,Colorado,2020
Blazer 2Lt Sport,NA,2020
Silverado,Silverado 1500,2020
Silverado 1500,Silverado 1500,2019
Blazer Premier Awd Gas,NA,2019
Silverado 1500 Regular,Silverado 1500,2019
Equinox,Equinox,2019
Silverado 1500 Double,Silverado 1500,2019
Silverado 1500 Rst,Silverado 1500,2019
Colorado Extended Cab,Colorado,2019
Silverado 1500 Regular,Silverado 1500,2019
Silverado 1500 Double,Silverado 1500,2019
Silverado Diesel 3500,Silverado 3500HD,2019
Camaro Lt Convertible,NA,2019
Silverado 1500 Lt Boss,Silverado 1500,2019
Traverse Premier Awd,Traverse,2019
Silverado 1500 Lt Boss,Silverado 1500,2019
Silverado 1500 Regular,Silverado 1500,2019
Tahoe Rst 4X4 Gas Suv,NA,2019
Silverado 1500 Lt 4X4,Silverado 1500,2019
Blazer,NA,2019
Silverado Diesel 3500,Silverado 3500HD,2019
Camaro Lt Convertible,NA,2019
Silverado 1500 Regular,Silverado 1500,2019
Silverado 1500 Regular,Silverado 1500,2019
Traverse Premier Awd,Traverse,2019
Colorado Lt 4X4 Gas,Colorado,2019
Lifted Silverado 1500,Silverado 1500,2019
Colorado Crew Cab Z71,Colorado,2019
Silverado 1500 Rst 4X4,Silverado 1500,2019
Silverado 1500 Lt 4X4,Silverado 1500,2019
Camaro Lt Rwd Gas Auto,NA,2019
Silverado 1500 Lt Cre,Silverado 1500,2019
Silverado 1500,Silverado 1500,2019
Colorado Lt 4X4 Gas,Colorado,2019
Silverado 1500 Rst 4X4,Silverado 1500,2019
Suburban 1500 Premier,Suburban,2019
Silverado 1500 Double,Silverado 1500,2019
Silverado 1500,Silverado 1500,2019
Silverado 1500 Custom,Silverado 1500,2019
Silverado 1500 Regular,Silverado 1500,2018
Malibu,Malibu,2018
Silverado 2500Hd,Silverado 2500HD,2018
Lifted Silverado 1500,Silverado 1500,2018
Camaro,Camaro,2018
Cruze Lt Rs Fwd Gas,NA,2018
Colorado Crew Cab Zr2,Colorado,2018
Volt Lt Sedan 4D,NA,2018
Volt Lt Sedan 4D,NA,2018
Colorado Zr2,Colorado,2018
Silverado 1500 Regular,Silverado 1500,2018
Malibu,Malibu,2018
Silverado,Silverado 1500,2018
Camaro,Camaro,2018
Silverado 1500 Double,Silverado 1500,2018
Silverado 1500 Crew,Silverado 1500,2018
Silverado 1500 Double,Silverado 1500,2018
Silverado 3500 Ltz,Silverado 3500HD,2018
Volt Lt Sedan 4D,NA,2018
Tahoe,Tahoe,2018
Silverado 1500 Lt,Silverado 1500,2018
Volt Lt Sedan 4D,NA,2018
Traverse,Traverse,2018
Volt Lt Sedan 4D,NA,2018
Suburban,Suburban,2018
Silverado Duramax Hd,Silverado 1500,2018
Silverado 2500 Hd Crew Cab Lifted Diesel,Silverado 2500HD,2018
Equinox Lt Awd,Equinox,2018
Silverado 2500,Silverado 2500HD,2018
Silverado Duramax Hd,Silverado 1500,2018
Silverado 1500 Custom,Silverado 1500,2018
Silverado 1500 Regular,Silverado 1500,2018
Silverado 1500 Regular,Silverado 1500,2018
Traverse Ls,Traverse,2018
Bolt Ev,Volt,2017
Silverado 1500 Double,Silverado 1500,2017
Colorado Extended Cab,Colorado,2017
Colorado Extended Cab,Colorado,2017
Chevy Silverado 2500Hd,Silverado 2500HD,2017
Silverado Diesels 3500,Silverado 3500HD,2017
Silverado Deisel 2500,Silverado 2500HD,2017
Colorado Extended Cab,Colorado,2017
Equinox,Equinox,2017
Colorado Lt 4X4 Gas,Colorado,2017
Camaro,Camaro,2017
Colorado Z71,Colorado,2017
Chevy Malibu,Malibu,2017
Silverado 1500 Double,Silverado 1500,2017
Silverado 1500 Double,Silverado 1500,2017
Silverado 2500 Hd Lt,Silverado 2500HD,2017
Silverado Durmax 3500,Silverado 3500HD,2017
Chevy Silverado 1500,Silverado 1500,2017
Camaro,Camaro,2017
Camaro,Camaro,2017
Silverado High,Silverado 1500,2017
Colorado Extended Cab,Colorado,2017
Camaro,Camaro,2017
Silverado Duramax Hd,Silverado 1500,2017
Silverado Deisel 3500,Silverado 3500HD,2017
Tahoe Lt Sport Utility,NA,2017
Equinox,Equinox,2017
Silverado 1500,Silverado 1500,2017
Silverado 1500,Silverado 1500,2017
Camaro,Camaro,2017
Colorado,Colorado,2017
Silverado 1500 Lt 4X4,Silverado 1500,2017
Chevy Camaro,Camaro,2017
Silverado 2500Hd Ltz,Silverado 2500HD,2017
Camaro,Camaro,2017
Silverado,Silverado 1500,2016
Silverado Diesel 2500,Silverado 2500HD,2016
Silverado 2500,Silverado 2500HD,2016
Silverado,Silverado 1500,2016
Equinox Ls Awd Gas Suv,NA,2016
Malibu,Malibu,2016
Cruze Premier,Cruze,2016
Tahoe Lt Sport Utility,NA,2016
Malibu,Malibu,2016
Colorado Extended Cab,Colorado,2016
Camaro Ss,Camaro,2016
Silverado 1500 Lt,Silverado 1500,2016
Colorado Extended Cab,Colorado,2016
Tahoe Lt Sport Utility,NA,2016
Colorado Crew Cab Z71,Colorado,2016
Equinox Ls Awd Gas Suv,NA,2016
Equinox Lt Fwd Gas Suv,NA,2016
Silverado 1500 4X4,Silverado 1500,2016
Malibu,Malibu,2016
Colorado Extended Cab,Colorado,2016
Silverado 2500 Hd Z71,Silverado 2500HD,2016
Colorado Extended Cab,Colorado,2016
Silverado Ltz Crew Ca,Silverado 1500,2015
Spark 5Dr Hb Cvt Lt W/1Lt,NA,2015
Suburban Ltz 4X4 Gas,Suburban,2015
Malibu,Malibu,2015
Silverado 2500Hd,Silverado 2500HD,2015
Silverado 1500 Ltz,Silverado 1500,2015
Chevy Tahoe,Tahoe,2015
Cruze,Cruze,2015
Suburban Ltz Sport,Suburban,2015
Chevy Silverado 1500,Silverado 1500,2015
Silverado 2500Hd Lt,Silverado 2500HD,2015
Tahoe Ltz,Tahoe,2015
Silverado 2500 Hd,Silverado 2500HD,2015
Suburban Lt Sport,Suburban,2015
Silverado Duramax Hd,Silverado 1500,2015
Silverado 1500 Lt 4X4,Silverado 1500,2015
Silverado 2500Hd,Silverado 2500HD,2015
Impala,Impala,2015
Cruze,Cruze,2015
Silverado 1500 Ltz 4X4,Silverado 1500,2015
Cruze,Cruze,2015
Suburban Ltz Sport,Suburban,2015
Colorado Z71,Colorado,2015
Tahoe Ltz,Tahoe,2015
Traverse 2Lt 2Lt Awd,Traverse,2015
Silverado 2500Hd Lt,Silverado 2500HD,2015
Silverado 1500,Silverado 1500,2015
Tahoe Lt Sport Utility,NA,2015
Suburban Ltz Sport,Suburban,2015
Suburban Ltz Sport,Suburban,2015
Silverado 1500,Silverado 1500,2015
Tahoe Lt Sport Utility,NA,2015
Cruze,Cruze,2015
Silverado 1500 Lt 4X4,Silverado 1500,2015
Lifted Silverado 3500,Silverado 3500HD,2015
Silverado 2500Hd,Silverado 2500HD,2015
Silverado Ltz,Silverado 1500,2015
Silverado 2500Hd Lt,Silverado 2500HD,2015
Silverado 1500,Silverado 1500,2015
Silverado 1500 Double,Silverado 1500,2015
Equinox Ltz Awd Gas,Equinox,2015
Silverado 1500 High Co,Silverado 1500,2015
Silverado 1500 Double,Silverado 1500,2015
Chevy Silverado 1500,Silverado 1500,2015
Cruze,Cruze,2015
Silverado 1500 Lt,Silverado 1500,2014
Camaro Ss Coupe 2D,Camaro,2014
Cruze,Cruze,2014
Silverado 2500 Hd Crew,Silverado 2500HD,2014
Silverado 1500 Crew,Silverado 1500,2014
Corvette Stingray Lt,Corvette Stingray,2014
Camaro Ss Coupe 2D,Camaro,2014
Silverado 1500 Ltz Z71,Silverado 1500,2014
Silverado 2500 Hd Crew,Silverado 2500HD,2014
Silverado 1500 Crew,Silverado 1500,2014
Traverse,Traverse,2014
Silverado,Silverado 1500,2014
Silverado 1500 Lt 4X4,Silverado 1500,2014
Silverado,Silverado 1500,2014
Silverado 1500,Silverado 1500,2014
Silverado 1500,Silverado 1500,2014
Malibu,Malibu,2014
Camaro,Camaro,2014
Silverado,Silverado 1500,2014
Silverado 1500,Silverado 1500,2014
Camaro Ss Rwd Gas Auto,NA,2014
Corvette Stingray Lt,Corvette Stingray,2014
Silverado 1500 2Lt Crew Cab Z71 4Wd,Silverado 1500,2014
Chevy Silverado 1500,Silverado 1500,2014
Silverado,Silverado 1500,2014
Silverado,Silverado 1500,2014
Sonic Rs,Sonic,2014
Cruze,Cruze,2014
Cruze Lt,Cruze,2014
Silverado 1500 Crew Cab,Silverado 1500,2014
Camaro,Camaro,2014
Camaro,Camaro,2014
Silverado 1500,Silverado 1500,2014
Cruze,Cruze,2014
Silverado 1500,Silverado,2013
Camaro Zl1 Coupe 2D,NA,2013
Silverado 1500,Silverado,2013
Silverado 1500,Silverado,2013
Sonic Ltz,Sonic,2013
Camaro,Camaro,2013
Tahoe,Tahoe,2013
Express 1500 Work Van,Express,2013
Camaro,Camaro,2013
Silverado 1500,Silverado,2013
Silverado 2500Hd,Silverado,2013
Avalanche,Avalanche,2013
Camaro Zl1 Coupe 2D,NA,2013
Silverado 1500,Silverado,2013
Camaro,Camaro,2013
Silverado 2500Hd Lt,Silverado,2013
Silverado 1500,Silverado,2013
Silverado 1500 Regular,Silverado,2013
Tahoe,Tahoe,2013
Malibu,Malibu,2012
Corvette Grand Sport,Corvette,2012
Impala Lt Fleet,Impala,2012
Captiva Sport,Captiva,2012
Silverado 1500,Silverado,2012
Corvette Coupe 2D,Corvette,2012
Equinox,Equinox,2012
Corvette Coupe 2D,Corvette,2012
Colorado,Colorado,2012
Cruze,Cruze,2012
Corvette Grand Sport,Corvette,2012
Impala Ltz,Impala,2012
Malibu,Malibu,2012
Sonic Lt,Sonic,2012
Traverse Lt,Traverse,2012
Cruze,Cruze,2012
Tahoe,Tahoe,2012
Malibu,Malibu,2012
Tahoe 1500 Ltz 4X4 Gas,NA,2012
Silverado 1500 Lt,Silverado,2011
Silverado,Silverado,2011
Camaro,Camaro,2011
Silverado Diesels 2500,Silverado,2011
Silverado,Silverado,2011
Camaro,Camaro,2011
Impala,Impala,2011
Silverado,Silverado,2011
Traverse,Traverse,2011
Equinox Ls,Equinox,2011
Equinox,Equinox,2011
Silverado 1500,Silverado,2011
Camaro,Camaro,2010
Traverse,Traverse,2010
Avalanche,Avalanche,2010
Camaro,Camaro,2010
Impala,Impala,2010
Camaro,Camaro,2010
Camaro,Camaro,2010
Express G2500,Express,2010
Camaro,Camaro,2010
Silverado 2500Hd,Silverado,2010
Camaro,Camaro,2010
Silverado 2500Hd Lt C,Silverado,2010
Traverse,Traverse,2010
Silverado 2500Hd,Silverado,2010
Suburban 1500 Ltz,Suburban,2009
2500Hd,NA,2009
Tahoe,Tahoe,2009
Cobalt Lt,Cobalt,2009
Aveo5 1Lt,Aveo,2009
Silverado 1500 Work T,Silverado,2009
Malibu Hybrid,Malibu,2008
Silverado 3500,Silverado,2008
Silverado 1500 Lt 4Wd,Silverado,2008
Avalanche,Avalanche,2008
Kodiac Para Transit,NA,2007
Kodiac Para Transit,NA,2007
Silverado,Silverado,2007
Para Transit,NA,2007
Para Transit,NA,2007
Para Transit,NA,2007
Trailblazer Ls,TrailBlazer,2007
Suburban,Suburban,2007
Impala 3.5L Lt,Impala,2007
Suburban Ltz 4X4,Suburban,2007
Silverado 1500,Silverado,2007
Silverado,Silverado,2007
Silverado 1500 Regular Cab,Silverado,2006
Trailblazer,TrailBlazer,2006
Silverado 1500,Silverado,2006
Tahoe Z71,Tahoe,2006
Silverado 1500,Silverado,2005
Tahoe,Tahoe,2004
Silverado 1500,Silverado,2004
Corvette,Corvette,2004
Silverado 2500 4X4,Silverado,2004
Cavalier,Cavalier,2004
Silverado,Silverado,2004
Silverado,Silverado,2004
Impala,Impala,2004
Venture,NA,2003
Trailblazer,TrailBlazer,2003
Silverado 1500,Silverado,2003
Trailblazer,TrailBlazer,2002
Cavalier,Cavalier,2002
Silverado,NA,2002
Camaro,Camaro,2002
Silverado 2500Hd,NA,2002
Suburban,Suburban,2002
Trailblazer,TrailBlazer,2002
Prizm,Prizm,2002
Suburban,Suburban,2002
Camaro,Camaro,2002
Tahoe Ls,Tahoe,2001
2500Hd Duramax,NA,2001
Tracker,Tracker,2001
Cavalier,Cavalier,2001
Blazer Zr2,Blazer,2000
Silverado,Silverado,2000
Silverado 1500 Ext Cab,Silverado,2000
Silverado 1500 Lt,Silverado,2000
Astro Van Awd,Astro,2000
Blazer,Blazer,2000
Cavalier,Cavalier,2000
Monte Carlo,Metro,1999
Tahoe,Tahoe,1999
Camaro Ss,Camaro,1999
Silverado 1500,Silverado,1999
2500,NA,1998
Silverado 1500,NA,1997
Tahoe,Tracker,1997
Corvette Convertible,Corvette,1996
Cheyanne,NA,1996
Camaro,Camaro,1995
Tahoe,Tracker,1995
Silverado,NA,1995
3500,NA,1995
Silverado,NA,1994
Camaro Base 2Dr Hatch,NA,1994
S10 Pickup,NA,1991
K5 Blazer,Blazer,1991
Corvette,Corvette,1990
S10 Blazer,Blazer,1989
,NA,1988
Stepside,NA,1988
Corvette,Corvette,1988
Camaro,Camaro,1985
S10 Pickup,NA,1984
,NA,1983
El Camino,NA,1981
El Camino Ss,NA,1981
Z28 Camaro,Camaro,1980
Scottsdale,NA,1977
Corvette Stingray,Corvette,1973
Longbed Stepside,NA,1970
Caprice,Caprice,1968
Nova Ss,NA,1965
Impala,NA,1965
Impala,NA,1964
Parkwood,NA,1961
Brookwood Wagon,NA,1959
Versa,Versa,2021
Sentra Sr,Sentra,2021
Altima 2.5 Platinum,NA,2021
Rogue,Rogue,2021
Altima 2.5 Platinum,NA,2021
Altima 2.5 Sv,Altima,2021
Sentra Sr,Sentra,2021
Murano Platinum,Murano,2021
Altima 2.5 Platinum,NA,2021
Rogue Sl,Rogue,2021
Rogue Sv,Rogue,2021
Murano Sv,Murano,2021
Sentra Sr,Sentra,2021
Sentra Sr,Sentra,2021
Sentra Sr,Sentra,2021
Sentra Sr,Sentra,2021
Sentra Sr,Sentra,2021
Rogue Sv,Rogue,2021
Maxima Platinum,NA,2021
Altima 2.5 Sv,Altima,2021
Altima 2.5 Sv,Altima,2021
Altima 2.5 Sv,Altima,2021
Murano Platinum,Murano,2021
Altima 2.5 Sv,Altima,2021
Armada Sv,Armada,2021
Murano Platinum,Murano,2021
Altima 2.5 Sr,Altima,2021
Titan Sv,NA,2020
Versa Sv,Versa,2020
Versa Sv,Versa,2020
Kicks Sr,NA,2020
Kicks Sv,NA,2020
Kicks Sr,NA,2020
Titan Sv,NA,2020
Versa S,Versa,2020
370Z Sport Coupe 2D,NA,2020
Versa Sv,Versa,2020
Titan Platinum Reserve,NA,2020
Altima,Altima,2020
370Z Coupe,NA,2020
370Z Sport Coupe 2D,NA,2020
Versa Sv,Versa,2020
Armada Platinum,Armada,2020
Pathfinder S,Pathfinder,2020
370Z Sport Coupe 2D,NA,2020
Pathfinder S,Pathfinder,2020
Titan Platinum Reserve,NA,2020
370Z Sport Coupe 2D,NA,2020
Versa,Versa,2019
Armada Sv Rwd Gas Suv,NA,2019
Frontier King Cab S,Frontier,2019
Pathfinder,Pathfinder,2019
Versa Note Sv Hatchback,Versa Note,2019
Frontier King Cab S,Frontier,2019
Frontier Crew Cab Sv,Frontier,2019
Leaf S Hatchback 4D,NA,2019
Sentra Sv,Sentra,2019
Versa Note Sv Hatchback,Versa Note,2019
Kicks Sv,NA,2019
Kicks Sv,NA,2019
Versa 1.6 S,Versa,2018
Leaf S Hatchback 4D,NA,2018
Versa Note Sv Hatchback,Versa Note,2018
Pathfinder Sv Awd 3Rd,Pathfinder,2018
Rogue,Rogue,2018
Versa Note Sv Hatchback,Versa Note,2018
Lifted Titan Diesel Xd,NA,2018
Murano,Murano,2018
Sentra,Sentra,2018
Pathfinder Sv 4X4 Gas Suv,Pathfinder,2018
Murano,Murano,2018
Pathfinder S 4X4 Gas Suv,Pathfinder,2018
Rogue Sv Awd Gas Suv Auto,NA,2018
Maxima Sv Fwd Gas Sedan,NA,2018
Pathfinder S 4X4 Gas Suv,Pathfinder,2018
Rogue Sv Awd Gas Suv Auto,NA,2018
Altima 2.5 S Sedan,Altima,2018
Frontier Crew Cab Sv,Frontier,2017
Frontier Crew Cab Sv,Frontier,2017
Versa Note,Versa Note,2017
Altima Sl Fwd Gas Sedan,NA,2017
Versa Note Sv Hatchback,Versa Note,2017
Rouge S Awd,Rogue,2017
Leaf S Hatchback 4D,NA,2017
Altima Sl Fwd Gas Sedan,NA,2017
Rogue Sv Awd Gas Suv Auto,NA,2017
Versa Note Sv Hatchback,Versa Note,2017
Altima Sl Fwd Gas Sedan,NA,2017
Titan Xd Single Cab S,NA,2017
Frontier Crew Cab Sv,Frontier,2017
Titan Xd Single Cab S,NA,2017
Frontier Crew Cab Sv,Frontier,2017
Versa Note Sv Hatchback,Versa Note,2017
Versa Note Sv Hatchback,Versa Note,2017
Frontier Crew Cab Sv,Frontier,2017
Rogue Sv,Rogue,2017
Rogue,Rogue,2016
Titan Xd,NA,2016
Pathfinder,Pathfinder,2016
Rogue,Rogue,2016
Rogue,Rogue,2016
Titan Xd Crew Cab Sl,NA,2016
Rogue,Rogue,2016
Sentra Sv,Sentra,2015
Altima,Altima,2015
Murano,Murano,2015
Quest S Fwd Gas Automatic,NA,2015
Armada Platinum Reserve,NA,2015
370Z Roadster 2D,NA,2014
Maxima,Maxima,2014
Versa Note Sv Fwd Gas,Versa Note,2014
Versa,Versa,2014
370Z Touring Coupe 2D,NA,2014
370Z Roadster 2D,NA,2014
Versa Note S Hatchback,Versa Note,2014
Sentra Sr Fwd Gas Sedan,NA,2014
Pathfinder Sl,Pathfinder,2014
Pathfinder Sl,Pathfinder,2014
Armada,Armada,2013
Titan Sv,Titan,2013
Juke Nismo,Juke,2013
Armada,Armada,2013
Rogue,Rogue,2013
Leaf Sl,NA,2013
Juke Sl Awd,Juke,2013
Armada,Armada,2013
Armada,Armada,2013
Versa 1.6 S,Versa,2012
Xterra Pro-4X Sport,NA,2012
Titan 4X4 Half Ton Gas,NA,2012
Versa,Versa,2011
Titan,Titan,2011
Maxima Sv Premium,Maxima,2011
Murano Crosscabriolet,Murano CrossCabriolet,2011
Leaf,Leaf,2011
Armada Platinum 4Wd,NA,2010
Altima Coupe,Altima,2010
Rogue Sl Awd,Rogue,2008
Sentra,Sentra,2007
350Z Coupe,NA,2007
Pathfinder,Pathfinder,2006
Maxima,Maxima,2006
Xterra,Xterra,2005
Armada,Armada,2005
Altima 2.5 S,Altima,2005
Armada Pathfinder,Pathfinder,2004
Titan,Titan,2004
Frontier,Frontier,2004
Pathfinder,Pathfinder,2003
Xterra,Xterra,2003
Murano,Murano,2003
Xterra,Terrano II,2002
Pathfinder,Pathfinder,2001
Xterra,Xterra,2000
Maxima,Maxima,1997
Rasheen,Rasheen,1995
180Sx,NA,1991
Pathfinder,Patrol,1989
720 Sport Truck,NA,1985
Silvia,Silvia,1978
Corolla,Corolla,2021
Tacoma,Tacoma,2021
Tacoma,Tacoma,2021
Camry Se Nightshade,Camry Hybrid,2020
Tundra Crewmax Sr5 4X4,NA,2020
Tacoma,Tacoma,2020
Sienna Xle Premium,Sienna,2020
Lifted Tacoma Trd Sport,NA,2020
Tacoma Access Cab Sr5,NA,2020
Tacoma Trd Sport 4X4 Gas,NA,2020
Sienna Xle,Sienna,2020
Lifted Tacoma Trd Sport,NA,2020
Corolla Hatchback,Corolla,2020
Sienna Xle Premium,Sienna,2020
Tundra Sr5 Trd Off Road,NA,2020
Sienna Xle Ny,Sienna,2020
Tacoma,Tacoma,2020
Tacoma Access Cab Sr5,NA,2020
Gr Supra,NA,2020
Gr Supra,NA,2020
Avalon Hybrid Xse Sedan,Avalon Hybrid,2020
4Runner,4Runner,2020
Avalon Trd Sedan 4D,Avalon Hybrid,2020
Rav4 Hybrid Xse Sport,NA,2020
Tacoma,Tacoma,2020
Tacoma Trd Off Road,NA,2019
Sienna L Minivan 4D,NA,2019
Tacoma Trd Off Road,NA,2019
Highlander,Highlander,2019
Tundra Double Cab Sr5,NA,2019
Tacoma Trd Off Road 4X4,NA,2019
Tundra Trd Pro 4X4 Gas,NA,2019
Tundra Sr5 Trd Offroad,NA,2019
Tacoma,Tacoma,2019
Camry Se Fwd Gas Sedan,NA,2019
Camry Le Fwd Gas Sedan,NA,2019
Sienna L Minivan 4D,NA,2019
Tacoma Access Cab Trd,NA,2019
Tacoma Double Cab Trd,NA,2019
Tacoma Access Cab Trd,NA,2019
Tacoma,Tacoma,2019
Sienna Le Minivan 4D,NA,2019
Lifted 4Runner Sr5 4X4,NA,2019
Tacoma,Tacoma,2019
Tundra Trd Sport 4X4 Gas,NA,2019
4Runner,4Runner,2019
Tundra Trd Pro 4X4 Gas,NA,2019
Sienna Le,Sienna,2019
Lifted Tacoma Sr5 4X4 Gas,NA,2019
Highlander 4X4 3Rd Row,Highlander Hybrid,2019
Rav4 Xle Premium,NA,2019
Highlander Le Awd Gas Suv,Highlander Hybrid,2019
Sienna Le Minivan 4D,NA,2019
Tundra Trd Pro 4X4 Gas,NA,2019
4Runner,4Runner,2019
Yaris Sedan,Yaris,2019
Avalon Touring,Avalon Hybrid,2019
Tacoma,Tacoma,2018
Tundra 4Wd,Tundra,2018
Tacoma,Tacoma,2018
Camry Se,Camry,2018
Tacoma Trd Off Road 4X4,NA,2018
Sequoia Sr5 4X4 Gas Suv,NA,2018
Highlander Limited Awd,Highlander Hybrid,2018
Tacoma Trd Off Road 4X4,NA,2018
4Runner Sr5 Sport Utility,NA,2018
Tacoma Limited 4X4 Gas,NA,2018
Tundra Double Cab Sr,NA,2018
Tacoma Sr5 V6 Crew Cab,NA,2018
Tacoma Sr5 V6 Crew Cab,NA,2018
Sienna Se Minivan 4D,NA,2018
Highlander Limited Awd,Highlander Hybrid,2018
Prius C,Prius c,2018
Corolla Im,Corolla,2018
Tacoma Limited 4X4 Gas,NA,2018
Lifted Tundra Sr5 4X4 Gas,NA,2018
Corolla,Corolla,2018
Highlander Limited Awd,Highlander Hybrid,2018
Lifted Tacoma Sr5 4X4 Gas,NA,2018
Tundra Trd Sport 4X4 Gas,NA,2018
4Runner,4Runner,2018
Tacoma,Tacoma,2018
Avalon Xle Sedan 4D,Avalon Hybrid,2018
Highlander Limited W/ 3R,Highlander,2018
Lifted Tundra Sr5 4X4 Gas,NA,2018
Tacoma Sr5 V6 Crew Cab,NA,2018
Tundra Double Cab Sr5,NA,2018
Yaris Ia,Yaris,2018
Tacoma,Tacoma,2017
Corolla,Corolla,2017
4Runner Sr5 Sport Utility,NA,2017
Tundra Sr5 Trd Off Road,NA,2017
Sienna L Minivan 4D,NA,2017
Sienna L Minivan 4D,NA,2017
Tundra Sr5 4X4 Half Ton,NA,2017
Tacoma,Tacoma,2017
4Runner Limited 4X4 Gas,NA,2017
Highlander,Highlander,2017
Tacoma,Tacoma,2017
Highlander,Highlander,2017
Avalon Limited,Avalon Hybrid,2017
Lifted Tundra Limited Trd,NA,2017
Rav4 Hybrid,Camry Hybrid,2017
Rav4 Limited Awd Suv Auto,NA,2017
Tacoma Sr,Tacoma,2017
Corolla,Corolla,2017
Lifted 4Runner Trd Off,NA,2017
Corolla,Corolla,2017
Tacoma,Tacoma,2017
Camry Xle Sedan 4D,NA,2017
Tacoma,Tacoma,2017
4Runner Sr5 4X4 Gas Suv,NA,2016
4Runner Sr5 Premium 4X4,NA,2016
Camry Se,Camry,2016
Tundra Double Cab Sr,NA,2016
Tacoma Limited 4X4 Gas,NA,2016
4Runner Sr5 Premium 4X4,NA,2016
Tundra Double Cab Sr,NA,2016
Lifted Tacoma Trd Off 4X4,NA,2016
Tacoma,Tacoma,2016
Tundra Platinum 4X4 Gas,NA,2016
Corolla Le Premium (Cvt,NA,2016
Lifted 4Runner Trail 4X4,NA,2016
Lifted Tacoma 4X4 1/4 Ton,NA,2015
Sienna Se,Sienna,2015
Tacoma Access Cab Pickup,NA,2015
Tundra,Tundra,2015
Tacoma Access Cab Pickup,NA,2015
Tacoma Access Cab Pickup,NA,2015
4Runner Limited 4X4 Gas,NA,2015
Tacoma,Tacoma,2015
Tacoma Trd Off Road 4X4,NA,2015
Tacoma Double Cab Pickup,NA,2015
Corolla Le,Corolla,2015
Lifted Tacoma Trd Sport,NA,2015
Tundra Sr5 4X4 Half Ton,NA,2015
Tundra Platinum 5.7L,NA,2015
Tundra Sr5 Trd Offroad,NA,2015
Corolla,Corolla,2015
Tacoma,Tacoma,2015
Tacoma Access Cab Pickup,NA,2015
Tacoma Double Cab Pickup,NA,2015
Corolla,Corolla,2015
Tacoma Double Cab Pickup,NA,2014
Tundra Crewmax Sr5 Pickup,NA,2014
Prius V,Prius v,2014
Tacoma Regular Cab Pickup,NA,2014
Tacoma Regular Cab Pickup,NA,2014
Fj Cruiser Sport Utility,NA,2014
Tundra Sr5 Trd Off Road,NA,2014
Tacoma Trd Off Road 4X4,NA,2014
Tacoma Double Cab Pickup,NA,2014
Fj Cruiser,FJ Cruiser,2014
Prius,Prius,2014
Camry Se,Camry,2014
Camry,Camry,2014
Tundra Crewmax Limited,NA,2014
Scion Tc,NA,2014
Tundra Crewmax Sr5 Pickup,NA,2014
Rav4,RAV4,2014
Tacoma Double Cab,Tacoma,2014
Tundra Sr5 Trd Off Road,NA,2014
Tundra Crewmax Limited,NA,2014
Tundra Crewmax Sr5 Pickup,NA,2014
Prius Five Hatchback 4D,NA,2014
4Runner,4Runner,2014
Fj Cruiser Sport Utility,NA,2014
Tacoma Base,Tacoma,2014
Fj Cruiser Sport Utility,NA,2014
Scion Tc,NA,2014
Tundra,Tundra,2014
Rav4,RAV4,2014
Prius Three Hatchback 4D,NA,2013
Tacoma,Tacoma,2013
4Runner Sr5 Sport Utility,NA,2013
Corolla,Corolla,2013
Corolla,Corolla,2013
Prius,Prius,2013
Tundra Sr5 Trd Off Road,NA,2013
Corolla,Corolla,2013
Prius Hybrid,Prius,2013
Prius,Prius,2013
4Runner Limited Sport,NA,2013
4Runner Sr5 Sport Utility,NA,2013
Corolla,Corolla,2013
4Runner Limited Sport,NA,2013
Corolla,Corolla,2013
Prius V Five,Prius,2013
Tundra Crewmax Pickup 4D,NA,2012
Sequoia,Sequoia,2012
Corolla,Corolla,2012
Sequoia,Sequoia,2012
Rav-4 Ev,NA,2012
Tundra Crewmax Pickup 4D,NA,2012
Corolla,Corolla,2012
Fj Cruiser,FJ Cruiser,2012
Fj Cruiser,FJ Cruiser,2012
Tundra,Tundra,2012
Prius,Prius,2012
Camry Hybrid,Camry,2012
Rav4 Limited 4Dr Suv,NA,2011
Highlander,Highlander,2011
Prius,Prius,2011
Highlander,Highlander,2011
Fj Cruiser 4X4 Gas Suv,FJ Cruiser,2011
Venza Awd Gas Suv Auto,NA,2011
Rav4,RAV4,2011
4Runner,4Runner,2011
Rav4,RAV4,2011
Rav4,RAV4,2011
4Runner,4Runner,2011
Camry,Camry,2011
Rav4,RAV4,2011
Tacoma Trd Sport,Tacoma,2011
"Fj Cruiser Rust Free* Oregon Fj Since New*6-Speed Manual*33"" Nitto Tires*Metal Fab Rock Sliders*Cavalry Blue*Off Road Pkg*Rear Lockers*Conv Pkg",NA,2011
Tundra 4Wd Truck,Tundra,2010
Tacoma,Tacoma,2010
Prius Iv Hatchback 4D,NA,2010
Tundra 4Wd Truck,Tundra,2010
Sienna Le,Sienna,2010
Sequoia Limited,Sequoia,2010
Corolla Le 4Dr Sedan 4A,NA,2010
Sienna,Sienna,2010
Tacoma,Tacoma,2009
Venza,Venza,2009
Tacoma,Tacoma,2009
Camry,Camry,2009
Corolla Base,Corolla,2009
Venza,Venza,2009
Camry,Camry,2009
Prius Touring,Prius,2009
Sienna Ce,Sienna,2009
4Runner,4Runner,2009
Tacoma,Tacoma,2008
Sequoia,Sequoia,2008
Tacoma Xrunner,Tacoma,2008
Highlander,Highlander,2008
Tacoma,Tacoma,2008
Highlander,Highlander,2008
Prius,Prius,2008
Tacoma,Tacoma,2008
Rav4 Limited,NA,2008
Tacoma,Tacoma,2008
Tundra Double Cab,Tundra,2007
Corolla,Corolla,2007
Camry,Camry,2007
Camry,Camry,2007
Tacoma Access Cab,Tacoma,2007
Corolla,Corolla,2007
Tacoma Double Cab V6 4Wd,NA,2007
Camry,Camry,2007
Corolla,Corolla,2007
Tundra Limited,Tundra,2007
Yaris,Yaris,2007
Sequoia Limited,Sequoia,2007
Tacoma Trd Sport 4X4,NA,2007
Rav4,RAV4,2006
"4Runner Sr5 Suv 2-Owner North West Rust Free*New Bilstein-Toytec Lift*New 33"" Bfg Ko2*New Trd Pro Wheels*Custom Trd Front Grill*All Service Records Since New*Rust Free",NA,2006
Tacoma,Tacoma,2006
Sequoia,Sequoia,2006
Tacoma,Tacoma,2006
Highlander Awd,Highlander,2006
"4Runner Sr5 Suv 2-Owner North West Rust Free*New Bilstein-Toytec Lift*New 33"" Bfg Ko2*New Trd Pro Wheels*Custom Trd Front Grill*All Service Records Since New*Rust Free",NA,2006
4-Runner,4Runner,2005
Tacoma,Tacoma,2005
Tacoma Access Cab Sr5,NA,2005
Avalon Limited,Avalon,2005
Land Cruiser,Land Cruiser,2005
Tacoma Double Cab Sr5,NA,2005
Corolla,Corolla,2005
Prius Base 4Dr Hatchback,NA,2005
Solara,Solara,2005
4Runner Limited 4X4,NA,2005
4Runner Sr5,4Runner,2004
Camry,Camry,2004
4-Runner,4Runner,2004
4-Runner,4Runner,2004
Matrix Xr,Mark II,2004
Corolla,Corolla,2004
Sequoia,Sequoia,2003
Tacoma Double Cab,NA,2003
Tundra,Tundra,2003
Tacoma,NA,2003
Camry Xle,Camry,2003
Rav4,RAV4,2002
Camry Le,Camry,2002
Tacoma,NA,2002
Tacoma,NA,2002
Rav4,RAV4,2002
Tacoma Double Cab,NA,2002
Corolla,Corolla,2001
Tacoma,NA,2001
Tacoma,NA,2001
Tacoma Sr5,NA,2001
Sequoia,Sequoia,2001
Tundra,Tundra,2001
Rav4,NA,2001
Camry,Camry,2001
Tacoma,NA,2001
Pickup,Picnic,2000
Tacoma,NA,2000
Camry,Caserta,2000
4-Runner,4Runner,1999
4Runner Sr5 4Wd 4X4,NA,1999
Tacoma 4X4,NA,1999
Sienna,Sienna,1998
,NA,1998
Sienna,Sienna,1998
Sienna,Sienna,1998
Rav-4,NA,1997
Rav 4,NA,1997
4Runner,4Runner,1997
Camry Le,Camry,1997
Corolla Dx,Corolla,1996
Corolla,Corolla,1996
T100,NA,1996
Paseo,NA,1994
Celica,Celica,1994
4Runner,4Runner,1994
Landcruiser,Land Cruiser,1993
,NA,1993
,NA,1989
,NA,1989
Van Le Minivan,NA,1986
Sunrader,Soarer,1985
4X4 Sr5 Truck,NA,1985
Tacoma,NA,1984
,NA,1981
Pickup,NA,1981
Land Cruiser,Land Cruiser,1976
Odyssey Exl,Odyssey,2021
Civic Ex Fwd Gas Hatchback,NA,2021
Civic Si Sedan 4D,NA,2020
Civic Ex-L Fwd Gas Auto,NA,2020
Crv Hybrid Touring Awd Suv,NA,2020
Civic Si Sedan 4D,NA,2020
Civic Si Sedan 4D,NA,2020
Civic Si Sedan 4D,NA,2020
Civic Si Sedan 4D,NA,2020
Insight Ex Sedan 4D,NA,2020
Civic Si Sedan 4D,NA,2019
Crv Lx Awd Gas Suv Auto,NA,2019
Civic Lx Honda Sensing Sedan Cvt,NA,2019
Ridgeline Rtl-T Pickup 4D,NA,2019
Civic Si Sedan 4D,NA,2019
Civic Lx Honda Sensing Sedan Cvt,NA,2019
Hr-V Sport Awd Cvt,NA,2019
Civic Lx Honda Sensing Sedan Cvt,NA,2019
Hr-V Ex-L,NA,2019
Accord Touring Fwd Gas,Accord Hybrid,2018
Civic Hatchback,Civic,2018
Pilot,Pilot,2018
Civic Type R Touring,NA,2018
Pilot,Pilot,2018
Civic Type R Touring,NA,2018
Civic Type R Touring,NA,2018
Pilot,Pilot,2018
Cr-V,CR-Z,2018
Pilot,Pilot,2018
Cr-V Ex-L,NA,2018
Ridgeline Black Edition,NA,2017
Ridgeline Rtl-E Pickup 4D,NA,2017
Accord Ex-L,Accord,2017
Ridgeline Black Edition,NA,2017
Ridgeline Rtl-E Pickup 4D,NA,2017
Ridgeline Black Edition,NA,2017
Civic Sedan,Civic,2016
Accord Sport Sedan W/Honda Sensing Cvt,NA,2016
Civic Ex Sedan Cvt,NA,2016
Civic Ex Sedan Cvt,NA,2016
Civic Ex Sedan Cvt,NA,2016
Accord,Accord,2016
Accord Sport Sedan 4D,Accord Hybrid,2016
Civic Touring Fwd Gas Auto,NA,2016
Civic Sedan,Civic,2015
Accord Ex-L Sedan 4D,NA,2015
Crv Exl Awd Gas Suv Auto,NA,2015
Accord Ex-L Fwd Gas Coupe,NA,2015
Ridgeline Se Pickup 4D 5,Ridgeline,2014
Civic Si Coupe 2D,NA,2014
Civic Lx Sedan,Civic,2014
Ridgeline Se Pickup 4D 5,Ridgeline,2014
Civic Sedan Ex,Civic,2014
Crv Exl-Navi,NA,2014
Crv Exl Awd Gas Suv Auto,NA,2014
Accord,Accord,2014
Crv,Civic,2013
Accord Touring Fwd Gas,NA,2013
Pilot,Pilot,2012
Pilot,Pilot,2012
Odyssey Exl Fwd Gas Auto,NA,2012
Cr-V Lx,NA,2012
Cr-V,CR-Z,2011
Civic,Civic,2011
Cr-V Ex-L,NA,2010
Cr-V Ex 4Dr Suv,NA,2010
Civic,Civic,2009
Accord,Accord,2009
Odyssey Exl,Odyssey,2008
Accord Lx-P,Accord,2008
Civic,Civic,2008
Odyssey Exl,Odyssey,2008
Odyssey Exl,Odyssey,2008
Odyssey Exl,Odyssey,2008
Odyssey Exl,Odyssey,2008
Odyssey,Odyssey,2008
Element,Element,2008
Odyssey,Odyssey,2007
Element Ex Awd,Element,2007
Accord Lx,Accord,2007
Accord,Accord,2007
Accord,Accord,2007
Cr-V,CR-V,2006
Element Ex 4Wd,Element,2006
Ridgeline Rtl,Ridgeline,2006
Civic Ex,Civic,2006
Accord,Accord,2006
Accord Ex V-6,Accord,2006
Accord Ex W/Leather 4Dr S,NA,2006
Odyssey,Odyssey,2006
Pilot,Pilot,2005
Odyssey,Odyssey,2005
Civic,Civic,2005
Civic Lx Coupe 2D,NA,2005
Pilot Ex,Pilot,2005
Civic Si,Civic,2004
Civic Si,Civic,2004
Cr-V,CR-V,2003
Civic Lx,Civic,2003
Accord,Accord,2003
Crv,Civic,2002
Civic Si Hatchback Ep3,NA,2002
Accord,Accord,2001
Accord,Accord,2001
Passport,Passport,2001
Cr-V,CR-V,2001
Accord,Accord,2000
Civic,Civic,2000
Civic,Civic,1999
Crv,Civic,1999
Civic,Civic,1999
Civic Lx,Civic,1999
Crv,Civic,1998
Accord,Accord,1998
Accord,Accord,1998
Accord Lx,Accord,1998
Accor Vtec,Accord,1998
Accor Vtec,Accord,1998
Cr-V,CR-V,1997
Accord,Accord,1997
Accord,Accord,1992
Accord,Accord,1992
Acura,Accord,1992
Crosstrek,XV Crosstrek,2021
Brz Limited Coupe 2D,NA,2020
Ascent,NA,2020
Wrx Sedan 4D,NA,2020
Outback Limited Awd Gas,NA,2020
Wrx,NA,2020
Wrx,NA,2020
Wrx Sedan 4D,NA,2020
Brz Limited Coupe 2D,NA,2020
Brz Limited Coupe 2D,NA,2020
Wrx,NA,2020
Brz Limited Coupe 2D,NA,2020
Wrx Sti Sedan 4D,NA,2020
Brz Limited Coupe 2D,NA,2020
Crosstrek,XV Crosstrek,2020
Forester,Forester,2019
Wrx Sedan 4D,NA,2019
Crosstrek 2.0I Limited,XV Crosstrek,2019
Forester,Forester,2019
Crosstrek 2.0I Premium,XV Crosstrek,2018
Wrx Sti Limited Sedan 4D,NA,2018
Legacy Awd,Legacy,2018
Outback,Outback,2018
Crosstrek,XV Crosstrek,2018
Brz Limited Coupe 2D,NA,2018
Outback,Outback,2018
Outback Limited Awd Gas,NA,2018
Forester,Forester,2018
Legacy,Legacy,2018
Crosstrek,XV Crosstrek,2018
Crosstrek,XV Crosstrek,2018
Crosstrek,XV Crosstrek,2018
Wrx Sti Limited Sedan 4D,NA,2017
Legacy 3.6R Limited 4Dr,NA,2017
Wrx Limited Awd Gas Sedan,NA,2017
Impreza 2.0I Sport,Impreza,2017
Outback 2.5I Premium,Outback,2017
Crosstrek,XV Crosstrek,2017
Forester,Forester,2017
Wrx,NA,2017
Wrx,NA,2017
Wrx Limited Awd Gas Sedan,NA,2017
Crosstrek,XV Crosstrek,2017
Legacy,Legacy,2016
Legacy,Legacy,2016
Legacy,Legacy,2016
Crosstrek,XV Crosstrek,2016
Impreza,Impreza,2015
Impreza,Impreza,2015
Forester,Forester,2014
Brz Limited,NA,2014
Forester,Forester,2014
Xv Crosstrek,XV Crosstrek,2014
Impreza,Impreza,2014
Xv Crosstrek 2.0I,XV Crosstrek,2014
Xv Crosstrek,XV Crosstrek,2014
Forrester,Forester,2014
Legacy,Legacy,2014
Forrester,Forester,2014
Xv Crosstrek 2.0I,XV Crosstrek,2014
Xv Crosstrek,XV Crosstrek,2014
Impreza,Impreza,2013
Brz Limited Coupe 2D,NA,2013
Wrx,NA,2013
Outback,Outback,2013
Legacy,Legacy,2013
Outback,Outback,2013
Xv Crosstrek,XV Crosstrek,2013
Impreza Wrx,Impreza,2013
Legacy Sedan Limited Leather Loaded New Tires,NA,2013
Outback,Outback,2013
Xv Crosstrek,XV Crosstrek,2013
Legacy,Legacy,2013
Outback Wagon Limited Loaded 1 Owner Nice!,NA,2012
Outback,Outback,2012
Forester 2.5X Premium 4,Forester,2012
Outback 2.5I Premium 4D,Outback Sport,2011
Forester,Forester,2011
Outback,Outback,2011
Forester 2.5X Premium,Forester,2011
Forester,Forester,2010
Outback 2.5I Limited 1-Owner* Clean Title*67 Service Records*New Timing Belt*Valve Cover Gaskets*All New Fluids & Flushed*Zero Accidents*No Rust*No Pets,NA,2010
Forester 2.5X Premium Awd,NA,2010
Tribeca,Tribeca,2009
Forester X,Forester,2009
Impreza Wagon Wrx,Impreza,2009
Impreza 2.5I Premium 4D,NA,2009
Forester,Forester,2009
Legacy Special Edition New Head Gaskets & Timing Belt,NA,2008
Forester Premium & Clean! New Head Gaskets And Timing Belt,NA,2008
Impreza Outback Wagon Sport New Head Gaskets And Timing Belt,NA,2008
Outback,Outback,2008
Forester,Forester,2008
Outback,Outback,2008
Tribeca,Tribeca,2008
Forester,Forester,2008
Impreza,Impreza,2008
Legacy,Legacy,2007
Outback,Outback,2007
Limited Tribeca B9,B9 Tribeca,2007
Outback Wagon 1Owner ! New Timing Belt!,NA,2007
Tribeca B9,B9 Tribeca,2007
Forester,Forester,2006
Baja,Baja,2006
Legacy,Legacy,2006
Legacy Sedan Special Edition Other,NA,2006
Baja,Baja,2006
Baja,Baja,2005
Legacy Gt,Legacy,2005
Outback,Outback,2005
Impreza Wrx Sti,Impreza,2005
Outback 2.5I 4Dr Wagon,Outback Sport,2005
Forester Ll Bean,Forester,2005
Impreza Wrx,Impreza,2004
Forester Xt,Forester,2004
Legacy Sedan,Legacy,2004
Legacy Outback,Legacy,2003
Baja,Baja,2003
Forester S Loaded Good Head Gaskets And Timing Belt,NA,2001
Outback,Outback,2000
Forester L 4Dr Wagon,Forester,1999
Outback Limited Awd,Outback,1999
Forester,NA,1998
Outback,NA,1997
Impreza,Impreza,1997
Legacy,Legacy,1994
Legacy,Legacy,1994
Legacy,Legacy,1992
Sambar Dias Ii,NA,1992
Brat,NA,1986
Venue,Genesis,2021
Santa Fe Sel Awd Gas Suv,NA,2020
Santa Fe Sel Awd Gas Suv,NA,2020
Santa Fe Sel Awd Gas Suv,NA,2020
Ioniq Hybrid Sel,Sonata Hybrid,2020
Veloster N Coupe 3D,Veloster,2020
Kona,Sonata,2020
Elantra,Elantra,2020
Veloster N,Veloster,2020
Palisade,NA,2020
Ioniq Hybrid Sel,Sonata Hybrid,2020
Ioniq Plug-In Hybrid,NA,2019
Sonata Plug-In Hybrid,Sonata Hybrid,2019
Sonata,Sonata,2019
Ioniq Hybrid Limited,NA,2019
Kona,Sonata,2018
Elantra Gt,Elantra,2018
Elantra,Elantra,2018
Kona,Sonata,2018
Elantra Se,Elantra,2017
Elantra Se,Elantra,2017
Elantra,Elantra,2017
Santa Fe,Santa Fe,2017
Santa Fe Sport,Santa Fe Sport,2016
Tucson,Tucson,2016
Santa Fe,Santa Fe,2016
Santa Fe Se Awd,Santa Fe,2016
Sonata,Sonata,2016
Santa Fe Sport,Santa Fe Sport,2016
Sonata,Sonata,2016
Sonata,Sonata,2016
Tucson,Tucson,2016
Santa Fe Sport 2.4L,Santa Fe Sport,2015
Elantra,Elantra,2015
Accent Gls,Accent,2015
Elantra,Elantra,2015
Elantra,Elantra,2015
Elantra,Elantra,2014
Elantra,Elantra,2014
Elantra Coupe,Elantra,2014
Elantra Limited Fwd Gas,NA,2013
Elantra Limited Fwd Gas,NA,2013
Sonata,Sonata,2013
Elantra Gls,Elantra,2013
,NA,2013
Sonata,Sonata,2013
Santa Fe,Santa Fe,2013
Elantra,Elantra,2013
Sonata,Sonata,2012
Veloster,Veloster,2012
Sonata,Sonata,2012
Sonata Limited Fwd Gas,NA,2012
Elantra Limited,Elantra,2011
Elantra Gls,Elantra,2011
Elantra Touring,Elantra,2010
Elantra,Elantra,2008
Accent Gs,Accent,2008
Santa Fe,Santa Fe,2007
Entuorage,Elantra,2007
Santa Fe Gls,Santa Fe,2004
Santa Fe,Santa Fe,2004
Sierra Diesel Duramax 2500,Sierra 2500HD,2021
Lifted Sierra 1500 Elevation,Sierra 1500,2020
Sierra Diesel Duramax 3500,Sierra 3500HD,2020
Sierra Diesel Duramax 2500,Sierra 2500HD,2020
Sierra Deisel Durmax 3500 Hd,Sierra 3500HD,2020
Acadia Slt,Acadia,2020
Sierra 1500 Elevation 4X4,Sierra 1500,2020
Sierra Duramax 3500 Hd 4X4,Sierra 3500HD,2020
Sierra Diesels Duramax 3500,Sierra 3500HD,2020
Acadia Slt,Acadia,2020
Sierra 1500 Elevation 4X4,Sierra 1500,2020
Sierra 1500 Elevation 4X4,Sierra 1500,2020
Sierra Diesel Duramax 2500,Sierra 2500HD,2020
Lifted Sierra Diesels Durmax,NA,2020
Sierra Diesel Durmax 3500 Hd,Sierra 3500HD,2020
Sierra Diesel Duramax 2500,Sierra 2500HD,2020
Sierra Diesels Duramax 2500,Sierra 2500HD,2020
Terrain Slt Awd Gas Suv Auto,NA,2020
Sierra 2500Hd Denali,Sierra 2500HD,2020
Lifted Sierra Duramax 3500,Sierra 3500HD,2020
Sierra Durmax 2500 Hd 4X4,Sierra 2500HD,2020
Sierra 1500 Sle 4X4 1/2 Ton,Sierra 1500,2020
Acadia Slt Awd,Acadia,2020
Acadia Slt Awd,Acadia,2020
Sierra Deisel Duramax 3500,Sierra 3500HD,2020
Acadia Slt Awd,Acadia,2020
Acadia Slt Awd,Acadia,2020
Acadia Slt Awd,Acadia,2020
Acadia Slt Awd,Acadia,2020
Acadia Slt Awd,Acadia,2020
Sierra Deisel Duramax 3500,Sierra 3500HD,2020
Sierra Deisel Duramax 3500,Sierra 3500HD,2020
Sierra 1500 Sle 4X4 1/2 Ton,Sierra 1500,2020
Sierra 1500 Base,Sierra 1500,2020
Sierra Diesels Durmax 3500,Sierra 3500HD,2020
Sierra Diesel Duramax 3500,Sierra 3500HD,2020
Sierra 3500Hd,Sierra 3500HD,2020
Sierra 1500,Sierra 1500,2020
Sierra Duramax 3500 Hd 4X4,Sierra 3500HD,2020
Sierra 2500 Hd Sle,Sierra 2500HD,2020
Sierra 1500 Denali 4X4 Gas,Sierra 1500,2019
Sierra 1500,Sierra 1500,2019
Sierra 1500,Sierra 1500,2019
Sierra,Sierra 1500,2019
Sierra Duramax 2500 Hd Sle,Sierra 2500HD,2019
Savana Cargo Van,Savana,2019
Yukon Xl Slt 4X4 Gas Suv,NA,2019
Sierra 1500 At4 4X4 Half Ton,Sierra 1500,2019
Savana 2500 Work Van Cargo,NA,2019
Sierra 1500 Denali 4X4 Gas,Sierra 1500,2019
Lifted Sierra 1500 Sle 4X4,Sierra 1500,2019
Sierra 1500 At4 4X4 1/2 Ton,Sierra 1500,2019
Lifted Sierra Duramax 2500,Sierra 2500HD,2019
Yukon Xl,Yukon,2019
Canyon All Terrain 4X4 Gas,NA,2019
Savana 2500 Work Van Cargo,NA,2019
,NA,2019
Sierra 1500,Sierra 1500,2019
Sierra,Sierra 1500,2019
Lifted Sierra 1500 Sle 4X4,Sierra 1500,2019
Sierra Denali Fully Loaded,NA,2019
Sierra 1500 Denali 4X4 Gas,Sierra 1500,2019
Sierra 1500 4X4 1/2 Ton Gas,Sierra 1500,2019
Sierra Durmax 3500 Hd 4X4,Sierra 3500HD,2019
Lifted Sierra Duramax 3500,Sierra 3500HD,2019
Sierra Duramax 3500 Hd 4X4,Sierra 3500HD,2019
Sierra 1500 Denali 4X4 Gas,Sierra 1500,2019
Savana 2500 Work Van Cargo,NA,2019
Sierra 3500Hd,Sierra 3500HD,2018
Sierra 1500,Sierra 1500,2018
Sierra 1500 Sle 4X4 Half Ton,Sierra 1500,2018
Sierra 3500,Sierra 3500HD,2018
Acadia,Acadia,2018
Sierra 1500 Elevation 4X4,Sierra 1500,2018
Sierra 3500Hd,Sierra 3500HD,2018
Sierra Diesels Durmax 2500,Sierra 2500HD,2018
Sierra Duramax 3500 Hd 4X4,Sierra 3500HD,2018
Sierra Denali 6.2L 6.5Ft,NA,2018
Sierra Diesel Durmax 3500 Hd,Sierra 3500HD,2018
Sierra Deisel Duramax 3500,Sierra 3500HD,2018
Sierra Diesel Duramax 3500,Sierra 3500HD,2018
Sierra 1500,Sierra 1500,2017
Yukon Xl Sle 4X4 Gas Suv,NA,2017
Sierra 2500Hd W/T,Sierra 2500HD,2017
Sierra 2500Hd,Sierra 2500HD,2017
Terrain Slt Awd Gas Suv Auto,NA,2017
Acadia Denali Awd Gas Suv,NA,2017
Sierra 2500Hd,Sierra 2500HD,2017
Sierra 1500,Sierra 1500,2017
Canyon,Canyon,2017
Yukon Xl Sle 4X4 Gas Suv,NA,2017
Yukon Xl Sle 4X4 Gas Suv,NA,2017
Canyon,Canyon,2017
Yukon Denali,Yukon XL,2017
Sierra Diesels Durmax 3500,Sierra 3500HD,2017
Sierra 3500 Hd Crew Cab,Sierra 3500HD,2017
Sierra Diesel Duramax 3500,Sierra 3500HD,2017
Sierra 1500,Sierra 1500,2017
Sierra 2500Hd,Sierra 2500HD,2017
Acadia,Acadia,2017
Sierra,Sierra 1500,2017
Sierra 1500 All Terrain 4X4,Sierra 1500,2016
Lifted Sierra Deisel Duramax,NA,2016
Lifted Sierra Duramax 3500,Sierra 3500HD,2016
Sierra Duramax 3500 Hd 4X4,Sierra 3500HD,2016
Sierra 2500Hd,Sierra 2500HD,2016
Sierra 1500 All Terrain 4X4,Sierra 1500,2016
Sierra 3500Hd,Sierra 3500HD,2016
Sierra 1500 Slt Black Widow,Sierra 1500,2016
Canyon Crew Cab Sle Pickup,NA,2016
Lifted Sierra Duramax 2500,Sierra 2500HD,2016
Sierra 3500Hd Denali,Sierra 3500HD,2016
Yukon,Yukon,2016
Sierra 1500 Denalicrew Cab,Sierra 1500,2015
Sierra Diesel Duramax 2500,Sierra 2500HD,2015
Sierra 1500 Denalicrew Cab,Sierra 1500,2015
Sierra 1500 Slt 4X4 Half Ton,Sierra 1500,2015
Sierra 1500 Slt 4X4 Half Ton,Sierra 1500,2015
Yukon Xl 1500 Slt,NA,2015
Sierra 1500,Sierra 1500,2015
Sierra 2500 Hd Sle 4X4 Gas,Sierra 2500HD,2015
Sierra 1500 Denalicrew Cab,Sierra 1500,2015
Sierra 2500Hd,Sierra 2500HD,2015
Sierra 1500,Sierra 1500,2015
Sierra 1500 Crew Cab Sle,Sierra 1500,2014
Sierra 1500,Sierra 1500,2014
Sierra 1500 Sle Crew Cab,Sierra 1500,2014
Sierra 1500 Crew Cab Sle,Sierra 1500,2014
Sierra 1500 Slt,Sierra 1500,2014
Sierra 1500,Sierra 1500,2014
Sierra 1500,Sierra 1500,2014
Yukon Xl 1500 Denali Sport,NA,2014
Sierra 1500 Sle 4Wd,Sierra 1500,2014
Sierra 1500 Sle 4Wd,Sierra 1500,2014
Sierra 1500 4Wd,Sierra 1500,2014
Sierra 1500,Sierra 1500,2014
Sierra 1500 Regular Cab Sle,Sierra 1500,2014
Sierra 3500Hd,Sierra 3500HD,2014
Sierra 1500 Slt 4X4 1/2 Ton,Sierra 1500,2014
Terrain Slt Awd Gas Suv Auto,NA,2013
Terrain Slt Awd Gas Suv Auto,NA,2013
Sierra 1500 Sle Z71 4X4 Gas,NA,2013
Sierra 3500Hd,Sierra,2013
Terrain Slt,Terrain,2013
Sierra 1500 Sle,Sierra,2012
Sierra 2500Hd,Sierra,2012
Sierra 2500Hd Sle 4X4,NA,2011
Sierra Denali Awd,Sierra,2011
Sierra 1500,Sierra,2011
Yukon Slt,Yukon,2009
Yukon Denali,Yukon,2008
Sierra 2500Hd Slt 4Dr Crew,NA,2008
Sierra,Sierra,2008
Sierra,Sierra,2008
Yukon,Yukon,2007
Serria 1500,Sierra,2007
Sierra W/ Lance Camper,NA,2006
Sierra 2500Hd,Sierra,2006
Yukon,Yukon,2004
Sierra 2500Hd,Sierra,2003
Yukon Slt,Yukon,2002
Yukon Xl Slt,Yukon,2001
Sierra,NA,1998
Sierra 1500,NA,1997
Sonoma,Sonoma,1997
Sierra 1500,NA,1997
Sierra 1500,NA,1992
1500 Sierra,NA,1991
Sierra 2500,NA,1991
Mini School Bus,NA,1990
7000,NA,1986
Sierra 2500,NA,1985
Jimmy Blazer,Jimmy,1984
Voyager Lxi,NA,2021
Voyager Lxi,NA,2021
Pacifica,NA,2020
Pacifica Touring Plus,NA,2019
Pacifica Touring L,NA,2019
Pacifica Hybrid Tourin,NA,2018
Pacifica Limited,NA,2018
300 300S Sedan 4D,NA,2018
Pacifica Touring L Fwd,NA,2018
300 300S Sedan 4D,NA,2018
300 300S Sedan 4D,NA,2017
300 300C Sedan 4D,NA,2017
300 300S Sedan 4D,NA,2017
300 300S Sedan 4D,NA,2017
300 300S Sedan 4D,NA,2017
200,200,2016
300 Touring Rwd Gas,NA,2016
200 Limited Sedan 4D,NA,2016
200 Limited Sedan 4D,NA,2016
200 200C Sedan 4D,NA,2015
200 200C Sedan 4D,NA,2015
200 200C Sedan 4D,NA,2015
200 200C Sedan 4D,NA,2015
200 200C Sedan 4D,NA,2015
200 200C Sedan 4D,NA,2015
200,200,2015
300 Awd Gas Sedan Auto,NA,2013
Town & Country,NA,2013
Town & Country,NA,2013
Town & Country,NA,2013
Town And Country,Town & Country,2011
Town And Country,Town & Country,2011
Pacifica Limited,Pacifica,2006
Sebring,Sebring,2006
Crossfire,Crossfire,2005
Town And Country,Town & Country,2005
Crossfire,Crossfire,2005
Crossfire Convertible,Crossfire,2005
Pt Cruiser,PT Cruiser,2004
Pt Cruiser,PT Cruiser,2004
Pt Cruiser Gt,PT Cruiser,2003
Sebring Convertible,Sebring,1998
Imperial Crown Coupe,NA,1964
Imperial Crown Coupe,NA,1964
Imperial Crown,NA,1964
Explorer St 4X4 Gas Suv,Explorer,2020
F350 Diesels Powerstroke,NA,2020
F150 Xlt 4X4 Half Ton Gas,NA,2020
F150 Xlt 4X4 Half Ton Gas,NA,2020
Explorer St 4X4 Gas Suv,Explorer,2020
F150 Fx4 Lariat 4X4 1/2 Ton,NA,2020
F150 Regular Cab Xl Pickup,NA,2020
Explorer Limited 4X4 Gas,Explorer,2020
Escape,Escape,2020
Super Duty F-350 Srw,F-450 Super Duty,2020
F350 Power Stroke Limited,NA,2020
Escape Titanium Awd Gas Suv,NA,2020
Lifted F350 Diesel Platinum,NA,2020
F350 Diesel Powerstroke Fx4,NA,2020
Lifted F150 Platinum 4X4,NA,2020
F150 Xlt 4X4 1/2 Ton Gas,NA,2020
Escape Sel Awd Gas Suv Auto,NA,2020
Mustang Fastback Rwd Gas,NA,2020
Lifted F150 Xlt 4X4 1/2 Ton,NA,2020
F150 Xlt 4X4 Half Ton Gas,NA,2020
F150 Xlt 4X4 1/2 Ton Gas,NA,2020
F350 Diesels Powerstroke,NA,2020
Ranger Supercab Xl Pickup,NA,2020
Super Duty F-350 Srw,F-450 Super Duty,2020
F150 Regular Cab Xl Pickup,NA,2020
Explorer Limited 4X4 Gas,Explorer,2020
F150 Xlt 4X4 1/2 Ton Gas,NA,2020
Explorer St 4X4 Gas Suv,Explorer,2020
Edge Titanium Awd Gas Suv,NA,2020
F150 Xlt Fx4 4X4 Half Ton,NA,2020
Super Duty F-250 Srw,F-450 Super Duty,2020
Super Duty F-350 Srw,F-450 Super Duty,2020
F150 Regular Cab Xl Pickup,NA,2020
F-150,F-150,2020
Expedition Max,Expedition,2020
F-150,F-150,2020
F-150,F-150,2020
F-150,F-150,2020
Ranger Supercab Xl Pickup,NA,2020
F150 Xlt Fx4 4X4 1/2 Ton,NA,2020
F150 Xlt Fx4 4X4 1/2 Ton,NA,2019
Super Duty F-450 Drw,F-450 Super Duty,2019
F150 Regular Cab Xl Pickup,NA,2019
Ranger Supercrew Xlt Pickup,NA,2019
Super Duty F-250 Srw,F-450 Super Duty,2019
F-150,F-150,2019
F150 Lariat 4X4 Half Ton,NA,2019
F-150,F-150,2019
F-350,F-150,2019
F-150,F-150,2019
F350 Super Duty Crew Cab,F-350 Super Duty,2019
F-150,F-150,2019
Escape Se Fwd Gas Suv Auto,NA,2019
Lifted F150 Xlt Fx4 4X4 Gas,NA,2019
Lifted F150 Xlt Xtr 4X4 Gas,NA,2019
F-150 Standard Cab,NA,2019
F150 Stx 4X4 1/2 Ton Gas,NA,2019
F350 Diesel Power Stroke,F-350 Super Duty,2019
F150 Lariat 4X4 Half Ton,NA,2019
F350 Powerstroke Lariat,F-350 Super Duty,2019
Fiesta Se Hatchback 4D,NA,2019
Ranger Supercab Xl Pickup,NA,2019
F150 Xlt 4X4 1/2 Ton Gas,NA,2019
Ranger Supercrew Xlt Pickup,NA,2019
Ranger Supercab Xl Pickup,NA,2019
Ranger Supercrew Xlt Pickup,NA,2019
F150 Xlt 4X4 1/2 Ton Gas,NA,2019
F150 Xlt 4X4 1/2 Ton Gas,NA,2019
Ranger Supercab Xl Pickup,NA,2019
F350 Powerstroke Lariat,F-350 Super Duty,2019
F150 Regular Cab Xl Pickup,NA,2019
F-150,F-150,2019
Fiesta St Hatchback 4D,NA,2019
Lifted F150 Xlt 4X4 1/2 Ton,NA,2019
F-150,F-150,2019
F150 Regular Cab Xl Pickup,NA,2019
Ranger Supercrew Xlt Pickup,NA,2019
Super Duty F-350 Srw,F-450 Super Duty,2019
Lifted Ranger Xlt Fx4 4X4,NA,2019
Ranger,NA,2019
Lifted F350 Power Stroke,NA,2019
Ranger Lariat,NA,2019
F350 Diesels Power Stroke,NA,2019
F-250 Super Duty,F-250 Super Duty,2019
F-350,F-150,2019
F150 Lariat 4X4 1/2 Ton Gas,NA,2019
Edge Sel Awd Gas Suv Auto,NA,2019
F-450,F-150,2019
F150 Lariat 4X4 Half Ton,NA,2019
F150 Lariat Fx4 4X4 1/2 Ton,NA,2019
Lifted F150 Xlt 4X4 1/2 Ton,NA,2019
F150 Xlt Fx4 4X4 1/2 Ton,NA,2019
F150 Lariat 4X4 1/2 Ton Gas,NA,2019
F350 Diesel Power Stroke,F-350 Super Duty,2019
Ranger Supercrew Xlt Pickup,NA,2019
F350 Xl 4X4 One Ton Gas,NA,2019
F-150 King Ranch 4Dr Supe,NA,2019
Fusion Hybrid,Fusion Hybrid,2019
Ranger Supercab Xl Pickup,NA,2019
Ranger Supercrew Xl Pickup,NA,2019
F150 Xlt 4X4 1/2 Ton Gas,NA,2018
Escape Sel,Escape,2018
Edge,Edge,2018
F150 Stx 4X4 Half Ton Gas,NA,2018
F150 Super Cab Xl Pickup 4D,NA,2018
F150 Limited 4X4 1/2 Ton,NA,2018
F-150 Lariat 4X4,NA,2018
F-150,F-150,2018
F150 Xlt Xtr 4X4 Half Ton,NA,2018
Escape Se Awd,Escape,2018
Explorer Platinum,Explorer,2018
Escape,Escape,2018
F-150 Xlt,F-150,2018
F350 Powerstroke Lariat,F-350 Super Duty,2018
F-150 Xlt,F-150,2018
F150 Xlt 4X4 Half Ton Gas,NA,2018
F150 Lariat 4X4 1/2 Ton Gas,NA,2018
F150 Xlt 4X4 1/2 Ton Gas,NA,2018
F150 Regular Cab Xl Pickup,NA,2018
F150 Regular Cab Xl Pickup,NA,2018
Fusion Se,Fusion,2018
F350 Power Stroke Platinum,NA,2018
F150 Platinum 4X4 Half Ton,NA,2018
F150 Xlt Fx4 4X4 1/2 Ton,NA,2018
F-150,F-150,2018
Super Duty F-350 Srw,F-450 Super Duty,2018
Explorer 4X4 Gas Suv Auto,NA,2018
F250 Powerstroke Xlt Fx4,F-250 Super Duty,2018
F-150,F-150,2018
Lifted F150 Lariat Fx4 4X4,NA,2018
F150 Super Cab Xl Pickup 4D,NA,2018
F150 Xlt Sport 4X4 1/2 Ton,NA,2018
F250 Powerstroke Lariat,F-250 Super Duty,2018
Explorer 4X4 Gas Suv Auto,NA,2018
F150 Lariat 4X4 1/2 Ton Gas,NA,2018
F150,F-150,2018
Edge Titanium,NA,2018
Super Duty F-350 Srw,F-450 Super Duty,2018
Escape Se 4X4 Gas Suv Auto,NA,2018
Focus Se Fwd Gas Sedan Auto,NA,2018
F-150,F-150,2018
F-150,F-150,2018
Edge,Edge,2018
Super Duty F-350 Srw,F-450 Super Duty,2018
F150 Xlt 4X4 1/2 Ton Gas,NA,2018
F150 Raptor 4X4 1/2 Ton,NA,2018
F-150,F-150,2018
F-150,F-150,2018
F150 Xtr 4X4 1/2 Ton Gas,NA,2018
F-150,F-150,2018
F150 Xlt Sport 4X4 Half Ton,NA,2018
F150 Xlt Fx4 4X4 1/2 Ton,NA,2018
F150 Xlt Xtr 4X4 1/2 Ton,NA,2018
F-150,F-150,2018
F150 Xlt Xtr 4X4 Half Ton,NA,2018
Super Duty F-350 Srw,F-450 Super Duty,2018
Explorer Platinum,Explorer,2018
F150 Super Cab Xl Pickup 4D,NA,2018
F150 Lariat 4X4 1/2 Ton Gas,NA,2018
F150 Lariat 4X4 Half Ton,NA,2018
Escape Sel Awd,Escape,2018
F150 Xlt Xtr 4X4 1/2 Ton,NA,2018
Explorer Sport 4X4 Gas Auto,NA,2018
F150 Xlt Fx4 4X4 Half Ton,NA,2018
F150 Xlt Xtr 4X4 Half Ton,NA,2018
F150 Xlt Sport 4X4 Half Ton,NA,2018
Taurus Limited Awd Gas Auto,NA,2018
F150 Xlt Fx4 4X4 Half Ton,NA,2018
F150 Xlt Sport 4X4 Half Ton,NA,2018
F350 Diesels Powerstroke,NA,2018
F150 Super Cab Xl Pickup 4D,NA,2018
F250 Power Stroke Lariat,F-250 Super Duty,2018
Escape Se,Escape,2018
Escape,Escape,2018
F150 Lariat 4X4 1/2 Ton Gas,NA,2018
F150 Lariat Fx4 4X4 1/2 Ton,NA,2017
F150 4X4,F-150,2017
Edge,Edge,2017
F250 Super Duty Cab Xl,F-250 Super Duty,2017
Mustang Gt Premium,Mustang,2017
F-150,F-150,2017
F150 Supercrew Cab Xlt,F-450 Super Duty,2017
Explorer Xlt 4X4 Gas Suv,Explorer,2017
F150 Lariat Fx4 4X4 1/2 Ton,NA,2017
F-350,F-150,2017
F-150,F-150,2017
Fiesta St Hatchback 4D,NA,2017
Explorer,Explorer,2017
Lifted F150 Xlt Sport 4X4,NA,2017
F150 Lariat Fx4 4X4 1/2 Ton,NA,2017
Super Duty F-350 Drw,F-450 Super Duty,2017
Super Duty F-350 Drw,F-450 Super Duty,2017
Focus,Focus,2017
Mustang Gt Premium,Mustang,2017
F-150,F-150,2017
F150 Xlt 4X4 Half Ton Gas,NA,2017
F350 Powerstroke Platinum,NA,2017
F-150 Xlt 4X4,F-150,2017
F-150,F-150,2017
F-150,F-150,2017
F150 Xlt Sport 4X4 Half Ton,NA,2017
Explorer Xlt 4X4,Explorer,2017
Transit Connect Xl Fwd Gas,Transit Connect,2017
F150 Xlt Xtr 4X4 1/2 Ton,NA,2017
Transit Connect Xl Fwd Gas,Transit Connect,2017
F150 Lariat Fx4 4X4 1/2 Ton,NA,2017
F-350 Platinum Maxed Out,F-350 Super Duty,2017
Lifted F250 Diesel Lariat,NA,2017
Focus Rs Awd Gas Hatchback,NA,2017
F150 Lariat 4X4 1/2 Ton Gas,NA,2017
Mustang Gt Premium,Mustang,2017
Super Duty F-350 Srw,F-450 Super Duty,2017
Super Duty F-250 Srw,F-450 Super Duty,2017
F-150,F-150,2017
F150 Xlt 4X4 1/2 Ton Gas,NA,2017
F150 Fx4 Lariat 4X4 1/2 Ton,NA,2017
F250 Super Duty Cab Xl,F-250 Super Duty,2017
F-350Sd Lariat,F-350 Super Duty,2017
F-150,F-150,2017
Transit Connect Cargo Xl,Transit Connect,2017
F150 Lariat Fx4 4X4 1/2 Ton,NA,2017
F250 Super Duty Crew Cab Lifted Kelderman,NA,2017
F150 Lariat Fx4 4X4 1/2 Ton,NA,2017
Super Duty F-350 Srw,F-450 Super Duty,2017
Mustang Gt Premium,Mustang,2017
Fusion,Fusion,2017
F-150 Lariat,F-150,2017
Taurus Limited Fwd Gas Auto,NA,2017
Super Duty F-350 Srw,F-450 Super Duty,2017
F150 Xlt 4X4 Half Ton Gas,NA,2017
F150 Platinum Fx4 4X4 Gas,NA,2017
F150 Supercrew Cab,F-450 Super Duty,2017
F-350,F-150,2017
Explorer,Explorer,2017
F150 Lariat Fx4 4X4 1/2 Ton,NA,2017
F-150,F-150,2017
F150 Xlt Sport 4X4 1/2 Ton,NA,2017
F-350,F-150,2017
F250 Super Duty Crew Cab,F-250 Super Duty,2017
Explorer,Explorer,2017
Explorer,Explorer,2017
F-250 Super Duty,F-250 Super Duty,2017
Fusion,Fusion,2017
Fusion,Fusion,2017
F150 Xlt Sport 4X4 Half Ton,NA,2017
Transit Connect Cargo Xl,Transit Connect,2017
Transit Connect Cargo Xl,Transit Connect,2017
F150 Lariat Supercrew 4X4,NA,2016
F150 Xlt Sport 4X4 1/2 Ton,NA,2016
F-250 Lariat,F-250 Super Duty,2016
F-150 Xlt,F-150,2016
Lifted F150 Xlt Xtr 4X4 Gas,NA,2016
Super Duty F-350 Srw,F-450 Super Duty,2016
F-150,F-150,2016
F-150,F-150,2016
F-150 Lariat Fx4Crew Cab,NA,2016
Focus,Focus,2016
Lifted F150 Xlt 4X4 1/2 Ton,NA,2016
F150 Lariat 4X4 1/2 Ton Gas,NA,2016
F150 Lariat Supercrew 4X4,NA,2016
F-150,F-150,2016
F150 Xlt Fx4 4X4 Half Ton,NA,2016
F350 Deisel Power Stroke,F-350 Super Duty,2016
F150 Xlt Fx4 4X4 1/2 Ton,NA,2016
Focus,Focus,2016
F150 Xlt Xtr 4X4 Half Ton,NA,2016
Explorer Sport --W/3Rd Row,NA,2016
F150 Xlt Fx4 4X4 1/2 Ton,NA,2016
Super Duty F-350 Srw,F-450 Super Duty,2016
F-150,F-150,2016
F-150,F-150,2016
F350 Powerstroke Lariat,F-350 Super Duty,2016
F150 Super Cab Xl Pickup 4D,NA,2016
F150 Super Cab Xl Pickup 4D,NA,2016
F-250 Lariat,F-250 Super Duty,2016
Fusion,Fusion,2016
Escape Se 4X4 Gas Suv Auto,NA,2016
F150 Xlt Fx4 4X4 Half Ton,NA,2016
Escape Se 4X4 Gas Suv Auto,NA,2016
Explorer Limited 4X4 Gas,Explorer,2016
F150 Xlt Xtr 4X4 1/2 Ton,NA,2016
F150 Supercrew Cab Xlt,F-450 Super Duty,2016
Super Duty F-350 Srw,F-450 Super Duty,2016
F150 Supercrew Cab Xlt,F-450 Super Duty,2016
Fiesta,Fiesta,2016
F150 Supercrew Cab Xl,NA,2016
Fusion Se,Fusion,2016
Mustang,Mustang,2016
F150 Lariat 4X4 Half Ton,NA,2016
F-150,F-150,2016
F-150 Xlt Sport,F-450 Super Duty,2016
Focus St Hatchback 4D,NA,2016
F-150 Lariat Fx4Crew Cab,NA,2016
F-150,F-150,2016
Mustang,Mustang,2015
F350 Powerstroke Xlt 4X4,F-350 Super Duty,2015
Super Duty F-250 Srw,F-450 Super Duty,2015
Lifted F150 Xlt 4X4 1/2 Ton,NA,2015
Escape,Escape,2015
F-150 Xltcrew Cab,NA,2015
Expedition Platinum Sport,Expedition,2015
F150 Xlt 4X4 Half Ton Gas,NA,2015
Super Duty F-350 Srw,F-450 Super Duty,2015
F350 Powerstroke Lariat,F-350 Super Duty,2015
F-150 Lariat Crew Cab Shor,NA,2015
F-150 Xlt 4Dr Supercrew 6,NA,2015
F-150 Xltcrew Cab,NA,2015
F-150,F-150,2015
Expedition Platinum Sport,Expedition,2015
Explorer Sport 4X4 Gas Suv,NA,2015
F150 Lariat 4X4 1/2 Ton Gas,NA,2015
F150 Xlt Sport 4X4 1/2 Ton,NA,2015
Escape Titanium 4X4 Gas Suv,NA,2015
Expedition Platinum Sport,Expedition,2015
Mustang,Mustang,2015
F-350 Super Duty King Ranch,F-350 Super Duty,2015
Focus,Focus,2015
Mustang Gt,Mustang,2015
F-350Sd Platinumcrew Cab,NA,2015
Explorer Sport 4X4 Gas Suv,NA,2015
Transit,Transit Van,2015
Super Duty F-250,F-450 Super Duty,2015
F150 Xlt Fx4 4X4 Half Ton,NA,2015
F-350,F-150,2015
Super Duty F-350 Drw,F-450 Super Duty,2015
Super Duty F-350 Srw,F-450 Super Duty,2015
Fusion,Fusion,2015
Lifted F250 Diesel Lariat,NA,2015
F-150 Xlt,F-150,2015
Transit,Transit Van,2015
F-150,F-150,2015
Fusion,Fusion,2015
F-150 Xltcrew Cab,NA,2015
Escape Se Ecoboost,Escape,2014
Focus St Hatchback 4D,NA,2014
Focus,Focus,2014
Fiesta,Fiesta,2014
F-150 Fx4 Crew Cab Short B,NA,2014
Mustang Rwd Gas Coupe Auto,NA,2014
Focus,Focus,2014
Escape Titanium 4Wd,NA,2014
Focus St Hatchback 4D,NA,2014
F-150,F-150,2014
Fiesta,Fiesta,2014
F250 Xlt Fx4 4X4 3/4 Ton,NA,2014
Taurus,Taurus,2014
Fiesta,Fiesta,2014
Edge,Edge,2014
Escape,Escape,2014
Escape,Escape,2014
Fiesta,Fiesta,2014
Escape S Fwd Gas Suv Auto,NA,2014
F-350 Sd Lariat Crew Cab Long Bed 4Wd,NA,2014
F-150,F-150,2014
Super Duty F-350 Srw,F-450 Super Duty,2014
Escape Se,Escape,2014
F-150,F-150,2014
F-150,F-150,2014
Super Duty F-350 Srw,F-450 Super Duty,2014
F-150,F-150,2014
F-150,F-150,2014
Mustang Rwd Gas Coupe Auto,NA,2014
Explorer Xlt,Explorer,2014
Escape Se,Escape,2014
Escape 4X4,Escape,2014
Mustang Roush,Mustang,2014
Focus,Focus,2014
Focus,Focus,2013
F-150,F-150,2013
F-150,F-150,2013
F150 Lariat 4X4 Half Ton,NA,2013
F-150,F-150,2013
Fusion Se,Fusion,2013
F-150,F-150,2013
F-150 Platinum 4Dr Superc,NA,2013
Fusion,Fusion,2013
Escape,Escape,2013
Edge,NA,2013
C-Max Hybrid,NA,2013
,NA,2013
Super Duty F-350 Srw,NA,2013
Edge,NA,2013
Edge,NA,2013
Mustang Gt Rwd Gas Coupe,NA,2013
Escape Sel,Escape,2013
F-150,F-150,2013
F150 Fx4 4X4 1/2 Ton Gas,NA,2013
Super Duty F-350 Srw,NA,2013
C-Max,NA,2013
Edge Sport Awd,NA,2013
F-150,F-150,2013
Mustang Gt Rwd Gas Manual,NA,2013
F-150,F-150,2013
Edge Sel,NA,2013
Explorer Limited,Explorer,2013
Escape,Escape,2013
F-150 Limited 4Dr Supercr,NA,2013
Edge Sport,NA,2013
F150 Lariat Rwd Half Ton,NA,2013
F-150 Xlt Supercrew 6.5-Ft. Bed 4Wd,NA,2012
F-150,F-150,2012
F-150 Xlt Supercrew 6.5-Ft. Bed 4Wd,NA,2012
F150 Lariat 4X4 1/2 Ton,NA,2012
Mustang,Mustang,2012
Escape,Escape,2012
Escape Limited Awd 4Dr Suv,NA,2012
F-350Sd King Ranch,NA,2012
Explorer Limited 4X4 Gas,Explorer,2012
Focus,Focus,2012
E350 12-Passenger Van,NA,2012
F-150 Xlt,F-150,2012
Mustang,Mustang,2012
Super Duty F-350 Drw,NA,2012
Super Duty F-550 Drw,NA,2012
Fusion,Fusion,2012
Expedition,Expedition,2012
F-150 Xlt Supercrew 6.5-Ft. Bed 4Wd,NA,2012
F-150 Fx4 Supercab 4Wd,NA,2011
Expedition El Limited,Expedition,2011
Ranger,Ranger,2011
Explorer,Explorer,2011
Explorer,Explorer,2011
F150 Supercrew 4X4,NA,2011
Expedition,Expedition,2011
Super Duty F-350 Srw,NA,2011
Super Duty F-350 Drw,NA,2011
F-150,F-150,2011
F-150,F-150,2011
F-150,F-150,2011
F-150 Fx4 Supercab 4Wd,NA,2011
Fusion,Fusion,2011
Edge Limited Awd Gas Suv,NA,2011
Expedition,Expedition,2011
F-150,F-150,2011
Fusion,Fusion,2011
Super Duty F-350 Srw,NA,2011
F-150,F-150,2011
F-150 Fx4 Supercab 4Wd,NA,2011
Ranger Super Cab Sport,NA,2011
F-150,F-150,2010
F-150,F-150,2010
F350 Lariat,F-350,2010
Mustang,Mustang,2010
F-150,F-150,2010
Edge,Edge,2010
F-250 Sd Lariat Crew Cab 4Wd,NA,2010
F-150,F-150,2010
Explorer,Explorer,2010
F-150 Sxt 4X4,F-150,2010
Edge,Edge,2010
Fusion,Fusion,2009
Escape Xlt,Escape,2009
F-150,F-150,2009
Fusion,Fusion,2009
Flex,Flex,2009
F350 Super Duty,NA,2009
Focus,Focus,2009
Escape,Escape,2009
F250 Superduty,NA,2008
F350 Diesel,F-350,2008
F-150,F-150,2008
Super Duty F-250 Srw,NA,2008
Mustang,Mustang,2008
F-150,F-150,2008
Taurus Sel,Taurus X,2008
Crown Victoria Police,Crown Victoria,2008
F-350 Super Duty Lariat 4D,NA,2008
Super Duty F-450 Drw,NA,2008
Mustang Bullit,Mustang,2008
Mustang,Mustang,2008
Explorer,Ecosport,2007
Mustang,Mustang,2007
Mustang,Mustang,2007
F-150 Xlt,F-150,2007
Explorer Eddie Bauer,NA,2007
Mustang,Mustang,2007
Mustang,Mustang,2007
F-350 Super Duty,NA,2006
Escape Limited,Escape,2006
F-150 Lariatcrew Cab,NA,2006
F-150 Lariatcrew Cab,NA,2006
Focus,Focus,2006
F150,F-150,2006
Mustang Gt Premium,Mustang,2006
Freestyle,Freestyle,2006
Mustang,Mustang,2006
Freestyle,Freestyle,2006
Escape,Escape,2006
F-250 Super Duty,NA,2006
Focus,Focus,2006
F250 Super Duty,NA,2006
F-150 Lariatcrew Cab,NA,2006
Mustang,Mustang,2006
F-150,F-150,2005
F550,F-350,2005
Super Duty F-350 Srw,NA,2005
Mustang Gt,Mustang,2005
Focus,Focus,2005
Mustang Gt Deluxe,Mustang,2005
Ranger Xlt Fx4,Ranger,2005
Freestyle Sel,Freestyle,2005
Mustang V6 Deluxe 2Dr,Mustang,2005
Escape Xlt,Escape,2005
Ranger,Ranger,2004
F-350 Xlt 4X4,NA,2004
Super Duty F-250,NA,2004
Super Duty F-350 Srw,NA,2004
F250 Super Duty,NA,2004
F250,F-250,2004
Focus,Focus,2004
Super Duty F-350 Srw Lariat,NA,2004
Excursion,Excursion,2004
Focus Se 4-Door,Focus,2004
Excursion Eddie Bauer 4X4,Excursion,2004
Excursion,Excursion,2004
Focus Zx3,Focus,2003
F450 Super Duty,NA,2003
F-450 Turbo Diesel,NA,2003
Thunderbird Convertible,Thunderbird,2003
F-350 Super Duty,NA,2003
F150 Lariat 4X4,NA,2003
F-350,F-250,2003
Escape,Escape,2003
E-150,F-150,2003
E150 Econoline,Econoline,2003
F35O,NA,2002
Thunderbird Convertible,NA,2002
Focus,Focus,2002
F-150,F-150,2002
F-150,F-150,2002
Explorer,Explorer,2002
F=250,F-250,2002
F-150,F-150,2001
F250 Super Duty,NA,2001
Focus Hatchback,Focus,2001
F250 Super Duty,NA,2001
Ranger Xlt,Ranger,2001
Mustang,Mustang,2000
Excursion Limited 4X4 Gas,Excursion,2000
Excursion Limited,Excursion,2000
Expedition Xlt,NA,2000
Ranger,Ranger,2000
F-250 Super Duty,NA,1999
Explorer Xls 4Dr Suv,NA,1999
F-250,F-150,1999
Ranger Xlt,Ranger,1999
F-150,F-150,1998
Ranger Xlt,Ranger,1998
Escort Se,Escort,1998
F150 4X4,F-150,1998
F-150,F-150,1998
Explorer Sport,Explorer,1998
F250 Super Duty 4X4,NA,1997
Explorer,Explorer,1997
Expedition,NA,1997
Econoline,NA,1997
Expedition Xlt,NA,1997
Ranger,Ranger,1997
F250,F-250,1997
Mustang,Mustang,1996
Crown Victoria Lx,Crown Victoria,1996
F250 Xlt,NA,1995
F250,NA,1993
Explorer Eddie Bauer 4X4,Explorer,1992
F-150,NA,1991
Ranger Xlt,Ranger,1991
Bronco Eddie Bauer,NA,1991
F-350,NA,1990
Econoline,NA,1990
Taurus Sho,Taurus,1989
F-250,NA,1987
Ranger,Ranger,1983
Bronco,Bronco,1979
F250,NA,1978
Thunderbird Coupe,NA,1972
F-100,NA,1971
F250,NA,1970
F-250 Camper Special,NA,1969
Thunderbird,Thunderbird,1969
Torino,NA,1968
Galaxy Ltd,NA,1965
3 Series 330I,3 Series,2020
2-Series M235I Xdrive Gran,NA,2020
3 Series 330I,3 Series,2020
X1 Xdrive28I,NA,2020
X5 Xdrive40I,5 Series,2020
X7 Xdrive40I,7 Series,2020
M4,M4,2020
4 Series 440I Coupe 2D,4 Series Gran Coupe,2019
3 Series 330I Xdrive,3 Series Gran Turismo,2019
X5 Xdrive40I,5 Series,2019
2 Series 230I Coupe 2D,6 Series Gran Coupe,2019
M5,M5,2019
X5 Xdrive40I,5 Series,2019
X3,X3,2019
X5 Xdrive40I,5 Series,2019
X3,X3,2019
X3 Xdrive 30I Awd Gas Suv,NA,2019
X5 Xdrive40I,5 Series,2019
3 Series 330I Xdrive,3 Series Gran Turismo,2019
X5 Xdrive35I,5 Series,2018
5 Series 540I Xdrive,5 Series Gran Turismo,2018
4 Series 430I Xdrive Coupe,4 Series Gran Coupe,2018
4 Series 440I Coupe 2D,4 Series Gran Coupe,2018
X5 Xdrive 35I Awd Gas Suv,NA,2018
3 Series 330I Xdrive Awd,NA,2018
M4,M4,2018
X1 Xdrive28I Sport Utility,NA,2018
5-Series M550I Xdrive,NA,2018
2 Series 230I Convertible 2D,NA,2018
4 Series 440I Gran Coupe,4 Series Gran Coupe,2018
M4,M4,2018
4 Series,4 Series,2018
4 Series,4 Series,2018
4 Series 440I Coupe 2D,4 Series Gran Coupe,2018
3 Series 330I Xdrive Awd,NA,2018
4 Series 440I Gran Coupe,4 Series Gran Coupe,2018
4 Series 430I Gran Coupe,4 Series Gran Coupe,2018
4 Series 430I Xdrive Coupe,4 Series Gran Coupe,2018
4 Series 440I Gran Coupe,4 Series Gran Coupe,2018
X5 Xdrive35I M-Sport Pkg,NA,2018
4 Series 440I Gran Coupe,4 Series Gran Coupe,2018
4 Series 440I Gran Coupe,4 Series Gran Coupe,2018
4 Series 430I Xdrive Coupe,4 Series Gran Coupe,2018
4 Series 440I Xdrive Gran,4 Series Gran Coupe,2017
2 Series 230I Xdrive,2 Series,2017
X4 M40I,NA,2017
X5,X5,2017
X5 Xdrive35D M-Sport Pkg,NA,2017
4 Series 430I Xdrive Coupe,4 Series Gran Coupe,2017
X1 Xdrive28I Sports,NA,2017
X1 Xdrive28I Sports,NA,2017
4 Series 430I Xdrive Coupe,4 Series Gran Coupe,2017
4-Series 440I Xdrive Gran C,NA,2017
X5 Xdrive35D -- Diesel W/ 3,NA,2017
2 Series 230I Xdrive,2 Series,2017
4 Series 440I Xdrive Gran,4 Series Gran Coupe,2017
3 Series 340I Sedan 4D,3 Series Gran Turismo,2016
3 Series 340I Sedan 4D,3 Series Gran Turismo,2016
X5 Xdrive35I,5 Series,2016
4 Series,4 Series,2016
2 Series 228I Coupe 2D,6 Series Gran Coupe,2016
5 Series 528I Sedan 4D,5 Series Gran Turismo,2016
3 Series 320I Xdrive,3 Series Gran Turismo,2016
2 Series 228I Coupe 2D,6 Series Gran Coupe,2016
X1,X1,2015
6 Series 650I Gran Coupe 4D,6 Series Gran Coupe,2015
7 Series 750I Xdrive Awd,NA,2015
6 Series,6 Series,2015
X3 Xdrive28I,3 Series,2015
X5 Xdrive35D,5 Series,2015
7 Series 750I Xdrive Awd,NA,2015
4 Series 435I Xdrive 2Dr C,NA,2014
X3 Xdrive28I,3 Series,2014
X3 Xdrive28I,3 Series,2014
I8,NA,2014
X3 Xdrive28I,3 Series,2014
328I Xdrive,3 Series,2014
4 Series 435I Xdrive Coupe,6 Series Gran Coupe,2014
X6 M,X6 M,2014
435I,NA,2014
3 Series 320I Xdrive,3 Series Gran Turismo,2014
X3 Xdrive28I,3 Series,2014
X6,X6,2014
7 Series 750I Xdrive Awd,NA,2013
X3 Xdrive35I,3 Series,2013
3 Series 335I Sedan 4D,NA,2013
X3 Xdrive28I,3 Series,2013
5 Series 528I Xdrive,6 series,2013
X6 Xdrive35I,6 series,2013
X5,X5,2013
Z4,NA,2013
X5 Xdrive35I,5 Series,2013
M6 Convertible 2D,NA,2013
M3 Coupe 2D,NA,2013
7 Series 750I Xdrive Awd,NA,2013
3 Series 335I,1 Series,2012
X5 M,X5,2012
M5,M5,2012
3 Series 328I Xdrive,NA,2012
7 Series 750Li Xdrive Awd,NA,2012
528I Xdrive,NA,2012
7-Series 750I Xdrive M-Spor,NA,2012
X6 M,X6,2012
328I,328,2012
X5 Xdrive35I,NA,2012
X5 Xdrive35I,NA,2012
3 Series 328I Xdrive,NA,2012
X3 Xdrive28I,NA,2012
7 Series 750Li Xdrive Awd,NA,2012
X5 M,X5,2012
X5 Xdrive35I,NA,2012
X5 Xdrive35I Premium,NA,2012
328,328,2011
3 Series 328I Xdrive,NA,2011
3 Series 335I Convertible 2D,NA,2011
3 Series 328I Xdrive,NA,2011
1 Series 135I Convertible 2D,NA,2011
3 Series 328I Xdrive,NA,2011
3 Series 328I Xdrive,NA,2011
1 Series 135I Convertible 2D,NA,2011
3-Series 335I Xdrive M-Spor,NA,2011
3-Series 328I Xdrive,NA,2011
3 Series 328I Xdrive,NA,2011
X3 Xdrive28I,NA,2011
1 Series 135I Convertible 2D,NA,2011
X5 Xdrive35I,NA,2011
3 Series 328I Xdrive,NA,2011
X5 Xdrive35I,NA,2011
X3 Xdrive28I,NA,2011
X5 Xdrive30I,NA,2010
328I Xdrive,NA,2010
X5 Xdrive30I,NA,2010
328I Xdrive,NA,2010
X3 Xdrive30I,NA,2008
X3,X3,2008
3 Series,NA,2008
3 Series,NA,2008
328I Xdrive,NA,2008
3 Series 328Xi,NA,2008
Z4 3.0I,NA,2007
X5 3.0Si,530,2007
5 Series 525Xi,NA,2007
328I,328,2007
X3 Awd 4Dr 35I,NA,2007
M6 Coupe,NA,2006
3 Series 328I 323I,NA,2006
X3,X3,2006
3 Series 325I,NA,2006
3-Series 325Xi Sedan,NA,2005
3-Series,NA,2004
3-Series,NA,2004
3 Series 330I 4Dr Sedan,NA,2004
3.0I,730,2004
3 Series,NA,2004
325Xi Wagon,NA,2004
3-Series,NA,2004
325I,325,2003
3-Series,NA,2003
X5,X5,2003
3-Series,NA,2003
525I,525,2003
,NA,2002
330Xi,730,2001
3-Series,NA,1997
3-Series,NA,1997
735Il,730,1991
320I,320,1983
528E,628,1982
Challenger,Challenger,2020
Durango R/T Awd Gas Suv,NA,2020
Challenger,Challenger,2020
Durango,Durango,2020
Ram 1500 Laramie 4X4 Gas,NA,2020
Ram 1500 Classic Warlock,NA,2020
Ram 1500 Classic Warlock,NA,2020
Ram 1500 Laramie 4X4 Gas,NA,2020
Ram 1500 Laramie 4X4 Gas,NA,2020
Lifted Ram 1500 Laramie,NA,2020
Ram Deisel Cummins 3500,NA,2020
Challenger,Challenger,2020
Challenger Srt Hellcat Rwd,Challenger,2020
Ram 1500 Laramie 4X4 Gas,NA,2020
Ram Cummin 3500 Laramie,NA,2020
Charger R/T Sedan 4D,Charger,2020
Ram 1500 Laramie 4X4 Gas,NA,2020
Durango R/T Awd Gas Suv,NA,2020
Charger R/T Sedan 4D,Charger,2020
Challenger,Challenger,2020
Lifted Ram 1500 Classic,NA,2020
Challenger,Challenger,2019
Challenger R/T Coupe 2D,Challenger,2019
Ram 1500 Classic Express,NA,2019
Ram Cummins 3500 Bighorn,NA,2019
Ram 1500 Limited 4X4 Gas,NA,2019
Ram 1500 Classic Express,NA,2019
Ram Deisel Cummins 3500,NA,2019
Ram 1500 Laramie Longhorn,NA,2019
Durango R/T Awd Gas Suv,NA,2019
Challenger R/T Coupe 2D,Challenger,2019
Ram 1500 Classic Warlock,NA,2019
Charger Sxt Sedan 4D,Charger,2019
Durango,Durango,2019
Charger Sxt Sedan 4D,Charger,2019
Challenger R/T Coupe 2D,Challenger,2019
Durango Gt Awd Gas Suv,NA,2019
Charger Scat Pack Srt,Charger,2019
Ram 1500 Classic Warlock,NA,2019
Grand Caravan Sxt,Grand Caravan,2019
Ram Diesels Cummins 3500,NA,2019
Challenger R/T Coupe 2D,Challenger,2019
Ram 1500 Classic Express,NA,2019
Ram Diesels Cummins 2500,NA,2019
Grand Caravan Sxt,Grand Caravan,2019
Durango Citadel Awd Gas,NA,2019
Challenger Sxt Rwd Gas,Challenger,2019
Durango Citadel Awd Gas,NA,2019
Lifted Ram Cummins 2500,NA,2019
Ram Cummins 2500 Bighorn,NA,2019
Ram Deisel Cummins 2500,NA,2019
Ram 1500 Sxt 4X4 Half Ton,NA,2018
Charger,Charger,2018
Durango,Durango,2018
Challenger R/T Rwd Gas,Challenger,2018
Ram 1500 Sport 4X4 1/2 Ton,NA,2018
Ram 1500 Sport 4X4,NA,2018
Charger Gt Awd Gas Sedan,NA,2018
Ram 1500 Sxt 4X4 1/2 Ton,NA,2018
Ram 1500 Laramie 4X4 Gas,NA,2018
Challenger Sxt Rwd Gas,Challenger,2018
Grand Caravan Sxt,Grand Caravan,2018
Ram 1500 Sport 4X4 1/2 Ton,NA,2018
Grand Caravan Sxt,Grand Caravan,2018
Charger Gt Awd Gas Sedan,NA,2018
Lifted Ram Cummins 2500,NA,2018
Lifted Ram Diesel Cummin,NA,2018
Lifted Ram 1500 4X4 Gas,NA,2018
Lifted Ram Diesel Cummin,NA,2018
Durango Gt,Durango,2018
Ram 1500 Laramie 4X4 Gas,NA,2018
Grand Caravan,Grand Caravan,2018
Ram 1500 Express 4X4 Gas,NA,2018
Ram Cummins 3500 Laramie,NA,2018
Challenger,Challenger,2018
Charger Sxt Sedan 4D,Charger,2018
Ram 1500 Express 4X4 Gas,NA,2017
Journey,Journey,2017
Lifted Ram 1500 4X4 Gas,NA,2017
Charger,Charger,2017
Journey,Journey,2017
Ram 1500 Sport 4X4 1/2 Ton,NA,2017
Lifted Ram Cummins 2500,NA,2017
Ram 1500 Sport 4X4 1/2 Ton,NA,2017
Lifted Ram Diesel Cummins,NA,2017
Ram 1500 Laramie 4X4 Gas,NA,2017
Ram 1500 Laramie 4X4 Gas,NA,2017
Durango,Durango,2017
Ram 1500 Limited 4X4 Gas,NA,2017
Journey Crossroad Fwd Gas,NA,2017
Ram 1500 Slt 4X4 Half Ton,NA,2017
Ram 1500 Sport 4X4 1/2 Ton,NA,2017
Ram 1500 Sport 4X4 1/2 Ton,NA,2017
Ram 1500 Limited 4X4 Gas,NA,2017
Ram 1500 Sport 4X4 1/2 Ton,NA,2017
Ram 3500 Dh,NA,2017
Ram 1500 Sport 4X4 1/2 Ton,NA,2017
Journey,Journey,2017
Ram 1500 Slt 4X4 Half Ton,NA,2017
Ram 1500 Sxt 4X4 Half Ton,NA,2017
Ram 1500 Longhorn 4X4 Gas,NA,2017
Ram 1500 Slt 4X4 1/2 Ton,NA,2017
Ram 1500 Rebel 4X4 1/2 Ton,NA,2017
Ram 1500 Sport 4X4 1/2 Ton,NA,2017
Ram 1500 Laramie 4X4 Gas,NA,2017
Ram 1500 Bighorn 4X4 Gas,NA,2017
Durango,Durango,2017
Ram 1500 Rebel 4X4 1/2 Ton,NA,2017
Journey,Journey,2017
Ram 1500 Bighorn 4X4 Gas,NA,2017
Ram 1500 Slt 4X4 1/2 Ton,NA,2017
Ram 1500 Outdoorsman 4X4,NA,2017
Ram 1500 Outdoorsman 4X4,NA,2017
Durango Gt Awd Gas Suv,NA,2017
Ram 1500 Sport 4X4 1/2 Ton,NA,2017
Ram 1500 Express 4X4 Gas,NA,2017
Ram 1500 Outdoorsman 4X4,NA,2017
Charger Se,Charger,2017
Ram 1500 Laramie 4X4 Gas,NA,2017
Ram 1500 Sport 4X4 1/2 Ton,NA,2017
Lifted Ram 1500 Sport 4X4,NA,2016
Ram 1500 Slt 4X4 Half Ton,NA,2016
Ram 1500 St 4X4 Half Ton,NA,2016
Ram 1500 Sport 4X4 1/2 Ton,NA,2016
Ram 1500 Sport 4X4 1/2 Ton,NA,2016
Ram 1500 Rebel 4X4 1/2 Ton,NA,2016
Journey Sxt Awd Gas Suv,NA,2016
Journey,Journey,2016
Ram 1500 Sport 4X4 1/2 Ton,NA,2016
Ram 1500 Rebel 4X4 1/2 Ton,NA,2016
Ram 1500 Laramie 4X4 Gas,NA,2016
Challenger R/T Scat Pack,Challenger,2016
Dart Sxt Sport Blacktop,NA,2016
Ram Cummins 3500 Laramie,NA,2015
Charger,Charger,2015
Journey Sxt Awd Gas Suv,NA,2015
Ram 1500 Laramie Longhorn,NA,2015
Ram 1500 Sport 4X4 1/2 Ton,NA,2015
Ram 1500 Sport 4X4 1/2 Ton,NA,2015
Challenger,Challenger,2015
Ram 1500 Tradesman 4X4 Gas,NA,2015
Ram 1500 Slt 4X4 1/2 Ton,NA,2015
Charger Srt 392 Sedan 4D,NA,2015
Ram 1500 Sport 4X4 1/2 Ton,NA,2015
Challenger,Challenger,2015
Lifted Ram 1500 Sport 4X4,NA,2015
Ram 1500 Rebel 4X4 1/2 Ton,NA,2015
Challenger R/T Coupe 2D,Challenger,2015
Challenger R/T Coupe 2D,Challenger,2015
Journey,Journey,2015
Ram Cummins 3500 Laramie,NA,2015
Ram 1500 Sport 4X4 1/2 Ton,NA,2015
Ram 1500 Sport 4X4 1/2 Ton,NA,2015
Ram Diesel Cummins 3500,NA,2015
Ram 1500 Sport 4X4 1/2 Ton,NA,2015
Ram 1500 Sport 4X4 1/2 Ton,NA,2015
Charger Srt 392 Sedan 4D,NA,2015
Challenger R/T,Challenger,2014
Ram 1500 Sport 4X4 1/2 Ton,NA,2014
Ram Diesel Cummins 3500,NA,2014
Ram 1500 Tradesman Rwd Gas,NA,2014
Lifted Ram 1500 Sport 4X4,NA,2014
Lifted Ram Diesel Cummins,NA,2014
Ram 2500 Laramie 4X4 Gas,NA,2014
Ram 1500 Sport 4X4 1/2 Ton,NA,2014
Journey Limited Awd,Journey,2014
Durango Sxt Rwd Gas Suv,NA,2013
Challenger Sxt Rwd Gas,NA,2013
Ram 1500 Laramie 4X4 Gas,NA,2013
Avenger,NA,2013
Ram,Ram,2012
Challenger,Challenger,2012
Ram 2500,Ram,2012
Journey Se,Journey,2012
Ram,Ram,2012
Ram,Ram,2012
Durango Crew Sport Utility,NA,2012
Ram,Ram,2012
Ram Cummins 3500 Slt Rwd,NA,2012
Challenger Base Rallye,Challenger,2011
Challenger,Challenger,2011
Challenger,Challenger,2011
Ram Cummins 2500 Laramie,NA,2011
Ram,Ram,2011
Grand Caravan Crew,Grand Caravan,2011
1500 Quad Cab Slt Pickup,NA,2010
Ram 1500,Ram,2010
1500 Quad Cab Slt Pickup,NA,2010
Ram 1500 Slt,NA,2010
Charger,Charger,2010
Ram 3500 4X4,NA,2009
Journey,Journey,2009
Caliber Sxt,Caliber,2009
Journey,Journey,2009
Ram 1500 Laramie 4X4 Gas,NA,2008
Ram 3500,Ram,2008
Grand Caravan,Grand Caravan,2008
Caliber,Caliber,2008
Grand Caravan Sxt,Grand Caravan,2007
Ram 3500,Ram,2007
Ram 1500 Sltextended Cab,NA,2007
Ram 1500 Big Horn 4X4,NA,2007
Ram,Ram,2007
Ram,Ram,2007
Ram 3500,Ram,2007
Magnum Srt8,Magnum,2006
Dakota,Dakota,2006
Ram 2500,Ram,2006
Dakota,Dakota,2006
Ram 2500 Trx4 Off Road Quad Cab 4Wd,NA,2006
Ram 1500,Ram,2006
Ram,Ram,2006
Ram 3500,Ram,2006
Charger,Charger,2006
Ram,Ram,2006
Ram 3500,Ram,2006
Ram 2500,Ram,2005
Ram 1500,Ram,2005
Ram 1500 4X4,NA,2005
Ram 1500 4X4,NA,2005
Ram 3500,Ram,2005
Ram Cummins 3500 Laramie,NA,2004
Durango,Durango,2004
Ram Diesel Cummins 3500,NA,2004
Durango,Durango,2004
Ram 1500 Quad Cab 4X4,NA,2003
Ram 1500,Ram,2003
Neon,Neon,2001
Dakota,Dakota,2001
Ram 2500,Ram,2000
Dakota,Dakota,2000
Ram 2500,Ram,1999
Ram 2500 Cummins,NA,1999
Ram 1500,Ram,1999
Dakota,Dakota,1998
Ram 2500 Cummins,NA,1995
Ram 2500,NA,1994
Ram Van B2500,NA,1993
Dart Swinger,NA,1975
Challenger,NA,1974
Sportsman,NA,1974
200,NA,1969
Pickup,NA,1965
Lifted Gladiator Overland,NA,2020
Wrangler Sport Suv 2D,Wrangler,2020
Grand Cherokee Limited 4X4,Grand Cherokee,2020
Wrangler Sport Suv 2D,Wrangler,2020
Lifted Grand Cherokee 4X4,Grand Cherokee,2020
Grand Cherokee Limited 4X4,Grand Cherokee,2020
Gladiator Rubicon 4X4 Gas,NA,2020
Gladiator Overland 4X4 Gas,NA,2020
Grand Cherokee Limited 4X4,Grand Cherokee,2020
Grand Cherokee Limited 4X4,Grand Cherokee,2020
Wrangler Unlimited Sahara,NA,2020
Compass Limited 4X4 Gas Suv,NA,2020
Compass Trailhawk 4X4 Gas,NA,2020
Gladiator Mojave Leather,NA,2020
Gladiator,NA,2020
Wrangler Sport Suv 2D,Wrangler,2020
Grand Cherokee,Grand Cherokee,2020
Grand Cherokee,Grand Cherokee,2020
Wrangler Unlimited,Wrangler,2020
Grand Cherokee Limited,Grand Cherokee,2019
Renegade Sport Fwd Gas Suv,NA,2019
Wrangler Unlimited Sahara,NA,2019
Cherokee Latitude 4X4 Gas,NA,2019
Grand Cherokee Limited,Grand Cherokee,2019
Wrangler Sport Suv 2D,Wrangler,2019
Wrangler Sport Suv 2D,Wrangler,2019
Cherokee,Cherokee,2019
Wrangler,Wrangler,2019
Renegade,Renegade,2019
Renegade,Renegade,2019
Wrangler Unlimited Sahara,NA,2019
Grand Cherokee Srt Awd,Grand Cherokee,2019
Cherokee Overland 4X4 Gas,NA,2019
Wrangler Unlimited Rubicon,NA,2018
Cherokee,Cherokee,2018
Grand Cherokee Laredo Sport,Grand Cherokee,2018
Wrangler Unlimited Sport,Wrangler,2018
Grand Cherokee,Grand Cherokee,2018
Grand Cherokee Summit 4X4,Grand Cherokee,2018
Wrangler Unlimited Sport,Wrangler,2018
Cherokee,Cherokee,2018
Cherokee,Cherokee,2018
Grand Cherokee Laredo E,Grand Cherokee,2018
Renegade Trailhawk 4X4 Gas,NA,2018
Wrangler Unlimited Sport,Wrangler,2018
Lifted Wrangler Unlimited,NA,2018
Grand Cherokee Limited 4X4,Grand Cherokee,2018
Wrangler Jk Unlimited,Wrangler,2018
Wrangler Jk Unlimited,Wrangler,2018
Wrangler Jk Unlimited,Wrangler,2018
Wrangler Jk Unlimited,Wrangler,2018
Wrangler Jk Unlimited,Wrangler,2018
Grand Cherokee High 4X4 Gas,Grand Cherokee,2018
Wrangler Unlimited Sahara,NA,2018
Wrangler Unlimited Rubicon,NA,2018
Grand Cherokee Laredo E,Grand Cherokee,2018
"Wrangler Unlimited Rubicon Local Trade* Terra Fles Sport Lift*37"" Nitto Trail Grabblers*17"" Kmc Xd Beadlock Wheels* X2O Winch* Steel Bumpers*Led Lights* Never Off Roaded",NA,2018
"Wrangler Unlimited Rubicon Local Trade* Terra Fles Sport Lift*37"" Nitto Trail Grabblers*17"" Kmc Xd Beadlock Wheels* X2O Winch* Steel Bumpers*Led Lights* Never Off Roaded",NA,2018
Grand Cherokee Laredo 4X4,Grand Cherokee,2018
Wrangler Unlimited All New,NA,2018
Compass Latitude 4X4 Gas,NA,2018
Renegade Trailhawk 4X4 Gas,NA,2018
Grand Cherokee Laredo Sport,Grand Cherokee,2018
Wrangler Jk Unlimited,Wrangler,2018
Grand Cherokee,Grand Cherokee,2018
Renegade Trailhawk 4X4 Gas,NA,2018
Grand Cherokee,Grand Cherokee,2018
Grand Cherokee,Grand Cherokee,2018
Compass Trailhawk 4X4 Gas,NA,2018
Wrangler Unlimited Sport,Wrangler,2018
Wrangler Unlimited Sahara,NA,2018
Compass Sport Fwd Gas Suv,NA,2018
Grand Cherokee,Grand Cherokee,2018
Renegade Latitude Fwd Gas,NA,2017
Renegade,Renegade,2017
Renegade,Renegade,2017
Wrangler Unlimited Sport,Wrangler,2017
Wrangler,Wrangler,2017
Wrangler Sport Suv 2D,Wrangler,2017
Wrangler Unlimited Sport,Wrangler,2017
Wrangler Unlimited Chief,Wrangler,2017
Grand Cherokee,Grand Cherokee,2017
Wrangler,Wrangler,2017
Cherokee,Cherokee,2017
Cherokee,Cherokee,2017
Wrangler Unlimited,Wrangler,2017
Wrangler Unlimited Sport,Wrangler,2017
Renegade Latitude Sport,Renegade,2017
Wrangler,Wrangler,2017
Compass All New Latitude,NA,2017
Wrangler,Wrangler,2017
Grand Cherokee Altitude 4,Grand Cherokee,2017
Cherokee,Cherokee,2017
Grand Cherokee Laredo 4Wd,Grand Cherokee,2017
Wrangler Unlimited 75Th 4X4,NA,2017
Wrangler Unlimited Sport,Wrangler,2017
Wrangler,Wrangler,2017
Cherokee,Cherokee,2017
Wrangler,Wrangler,2016
Wrangler,Wrangler,2016
Cherokee Sport 4X4 Gas Suv,NA,2016
Wrangler Unlimited Sahara,NA,2016
Grand Cherokee High 4X4 Gas,Grand Cherokee,2016
Wrangler Sahara 4X4 Gas Suv,NA,2016
Wrangler Unlimited,Wrangler,2016
Lifted Wrangler Unlimited,NA,2016
Cherokee,Cherokee,2016
Wrangler,Wrangler,2016
"Wrangler Unlimited Rubicon Hard Rock 1-Owner* Zero Rust*New 5"" Fabtech Lift*New 37"" Tires*4.10 Axle Ratio*Nav*Tinted Windows*Hard Top*Steel Bumpers*Never Off Road",NA,2016
Cherokee Sport 4X4 Gas Suv,NA,2016
Wrangler Unlimited Sport,Wrangler,2016
Wrangler Unlimited Sport,Wrangler,2016
Wrangler,Wrangler,2016
Patriot Sport,Patriot,2016
Cherokee,Cherokee,2015
Wrangler Sport 4X4 Gas Suv,NA,2015
Grand Cherokee Srt,Grand Cherokee,2015
Wrangler,Wrangler,2015
Wrangler Unlimited Sahara,NA,2015
Patriot,Patriot,2015
Patriot,Patriot,2015
Wrangler Unlimited Sport,Wrangler,2015
Wrangler Unlimited Sport,Wrangler,2015
Lifted Wrangler Unlimited,NA,2015
Grand Cherokee,Grand Cherokee,2015
Patriot,Patriot,2015
Cherokee,Cherokee,2014
Wrangler,Wrangler,2014
Grand Cherokee,Grand Cherokee,2014
Wrangler,Wrangler,2014
Cherokee,Cherokee,2014
Wrangler Sport Suv 2D,Wrangler,2014
Grand Cherokee,Grand Cherokee,2014
Wrangler Unlimited Sport,Wrangler,2014
Grand Cherokee Laredo,Grand Cherokee,2014
Grand Cherokee Limited 4D,Grand Cherokee,2014
Grand Cherokee Srt,Grand Cherokee,2014
Wrangler Unlimited Sport,Wrangler,2014
Wrangler Lifted With Fox Shocks,NA,2013
Wrangler Unlimited Sahara,NA,2013
Wrangler Unlimited Sahara,NA,2013
Wrangler Unlimited,Wrangler,2013
Wrangler Rubicon,Wrangler,2013
Wrangler Unlimited Sahara,NA,2013
Wrangler Unlimited Sahara,NA,2013
Wrangler Unlimited,Wrangler,2012
Wrangler Sport 4X4 Gas Suv,NA,2012
Grand Cherokee Laredo,Grand Cherokee,2012
Grand Cherokee Laredo 4X4,Grand Cherokee,2012
Wrangler Unlimited Sahara,NA,2012
Wrangler,Wrangler,2012
Compass Limited 4X4,Compass,2012
Wrangler Unlimited Sahara,NA,2012
Wrangler Unlimited Sahara,NA,2012
Grand Cherokee,Grand Cherokee,2012
Wrangler Unlimited,Wrangler,2011
Lifted Wrangler Unlimited,NA,2011
Grand Cherokee,Grand Cherokee,2011
Liberty,Liberty,2011
Wrangler,Wrangler,2011
Liberty Limited 4X4,Liberty,2010
Wrangler,Wrangler,2010
Wrangler Unlimited Sahara,NA,2010
Wrangler Unlimited,Wrangler,2010
Compass Sport,Compass,2009
Liberty Sport,Liberty,2008
Wrangler X,Wrangler,2008
Grand Cherokee,Grand Cherokee,2007
Rubicon,NA,2005
Wrangler,Wrangler,2004
Wrangler,Wrangler,2004
Grand Cherokee Laredo 4X4,Grand Cherokee,2004
Wrangler,Wrangler,2002
Grand Cherokee,Grand Cherokee,2001
Grand Cherokee Limited Rwd,Grand Cherokee,2000
Grand Cherokee,Grand Cherokee,2000
Wrangler 4X4 Sport,Wrangler,2000
Grand Cherokee Limited,Grand Cherokee,2000
Grand Cherokee,Grand Cherokee,1999
Grand Cherokee Limited 5.9,Grand Cherokee,1998
Wrangler/Yj,NA,1990
Comanche,NA,1986
Cj7 Cummins Diesel,NA,1985
Grand Wagoneer,NA,1985
,NA,1970
1500,1500,2020
2500,2500,2020
1500 Big Horn/Lone Star,NA,2020
1500,1500,2020
2500,2500,2020
2500,2500,2020
1500,1500,2020
1500 Classic Crew Cab Slt,NA,2020
1500,1500,2020
1500 Classic Crew Cab Slt,NA,2020
1500 Classic Crew Cab Slt,NA,2020
1500 Classic Crew Cab Lone,NA,2019
1500,1500,2019
1500 Classic Quad Cab,NA,2019
1500,1500,2019
1500 Big Horn/Lone Star,NA,2019
1500 Classic Quad Cab,NA,2019
1500,1500,2019
1500 Classic Regular Cab,NA,2019
1500 Rebel Crew Cab,NA,2019
1500,1500,2019
1500 Classic Quad Cab,NA,2019
1500 Classic Quad Cab,NA,2019
1500 Classic Quad Cab,NA,2019
1500 Classic Quad Cab,NA,2019
1500 Classic Crew Cab Lone,NA,2019
1500 Big Horn,NA,2019
1500 Classic Regular Cab,NA,2019
1500,1500,2019
2500 Tradesman,CV Tradesman,2018
2500 Crew Cab Lifted Bds Fox,NA,2018
1500 Sport,1500,2018
1500 Tradesman,CV Tradesman,2018
2500 Laramie,2500,2018
3500,3500,2018
1500,1500,2018
1500,1500,2018
2500,2500,2018
1500,1500,2017
1500 Sport Fully Loaded,NA,2017
1500,1500,2017
1500,1500,2017
1500,1500,2017
2500,2500,2017
1500,1500,2017
1500,1500,2017
2500,2500,2017
1500,1500,2017
1500,1500,2017
1500,1500,2017
2500 Tradesman,CV Tradesman,2017
1500 Regular Cab Tradesman,NA,2017
1500 Crew Cab Big Horn,NA,2017
2500,2500,2017
1500,1500,2017
2500,2500,2017
1500 Regular Cab Tradesman,NA,2017
1500,1500,2017
1500 Regular Cab Tradesman,NA,2017
1500,1500,2017
1500 Slt Outdoorsmancrew,NA,2017
1500,1500,2017
1500,1500,2017
1500,1500,2017
2500,2500,2016
3500,3500,2016
Ram Pickup 1500 Sport,NA,2016
1500,1500,2016
1500,1500,2016
1500,1500,2016
1500,1500,2016
3500,3500,2016
1500 Slt Hemi 4X4,NA,2016
1500 Rebel Hemi 4X4 Loaded,NA,2016
1500,1500,2015
1500,1500,2015
1500,1500,2015
1500 Tradesman Crew Cab Sho,NA,2015
1500,1500,2015
1500 Sportcrew Cab,NA,2015
1500,1500,2015
1500 Laramie Limited,NA,2015
1500,1500,2015
1500 Sportcrew Cab,NA,2015
1500,1500,2015
1500,1500,2015
1500 Sportcrew Cab,NA,2015
1500,1500,2015
1500,1500,2015
1500 Laramie Longhorncrew,NA,2014
1500,1500,2014
1500 Tradesman,CV Tradesman,2014
1500,1500,2014
1500,1500,2014
1500,1500,2014
1500,1500,2014
1500 Laramie Longhorncrew,NA,2014
1500,1500,2014
3500,3500,2014
1500,1500,2014
2500,2500,2014
1500,1500,2014
3500,3500,2014
1500,1500,2014
1500,1500,2014
1500 Laramie Longhorncrew,NA,2013
1500,NA,2013
1500,NA,2013
1500,NA,2013
1500 Express,NA,2013
1500,NA,2013
1500 Laramie Longhorncrew,NA,2013
1500 Sportextended Cab,NA,2013
1500 Laramie Longhorncrew,NA,2013
2500,NA,2012
1500 Slt Crew Cab 4Wd,NA,2012
1500,NA,2012
3500,NA,2012
2500,NA,2012
Dakota Extended Cab,NA,2011
1500,NA,2011
1500,NA,2008
Macan S,Macan,2020
Macan S,Macan,2020
911 Carrera S,NA,2019
911 Carrera S,NA,2018
Cayenne S Awd,Cayenne,2018
Macan S,Macan,2018
Panamera Turbo,Panamera,2017
Macan,Macan,2017
Macan,Macan,2017
Cayenne Turbo,Cayenne,2017
Macan,Macan,2017
Cayenne,Cayenne,2016
Panamera,Panamera,2016
Cayenne Gts,Cayenne,2016
Boxster Roadster 2D,Boxster,2015
Cayenne S,Cayenne,2011
Cayenne S,Cayenne,2011
Boxster,Boxster,2003
911 Carrera,Carrera GT,2002
911 Carrera,Carrera GT,2002
Boxter,Boxster,2001
911 Carrera,Carrera GT,2001
Boxster,Boxster,1999
Discovery Sport Se,Discovery Sport,2020
Discovery Sport Se,Discovery Sport,2020
Range Rover Evoque,Range Rover Evoque,2019
Range Rover Velar,Range Rover Evoque,2019
Range Rover Evoque,Range Rover Evoque,2018
Discovery,Discovery Sport,2017
Discovery,Discovery Sport,2017
Discovery Sport Se,Discovery Sport,2017
Range Rover Sport,Range Rover Sport,2017
Discovery,Discovery Sport,2017
Range Rover Evoque,Range Rover Evoque,2016
Range Rover Sport Su,Range Rover Sport,2016
Range Rover Sport Sv,Range Rover Sport,2016
Range Rover,Range Rover,2015
Range Rover Sport,Range Rover Sport,2014
Range Rover Evoque P,NA,2013
Range Rover,NA,2010
Ct5 Premium Luxury,NA,2020
Escalade Esv Platinum,Escalade,2020
Ct5 Premium Luxury,NA,2020
Xts Luxury Sedan 4D,NA,2019
Xts Luxury Sedan 4D,NA,2019
Escalade Esv,Escalade,2019
Cts 2.0 Luxury Sedan 4D,NA,2019
Ats Coupe 2D,ATS Coupe,2018
Cts 2.0 Luxury Sedan 4D,NA,2018
Cts 2.0 Luxury Sedan 4D,NA,2018
Ats Luxury Sedan 4D,NA,2018
Ats Coupe 2D,ATS Coupe,2018
Cts 2.0 Luxury Sedan 4D,NA,2018
Ats Luxury Sedan 4D,NA,2018
Ats Luxury Sedan 4D,NA,2018
Escalade Premium Luxury,Escalade,2018
Ats Coupe 2D,ATS Coupe,2018
Ats Coupe 2D,ATS Coupe,2018
Cts 2.0 Luxury Sedan 4D,NA,2018
Xt5 Luxury Awd Gas Suv,NA,2017
Escalade Premium Luxury,Escalade,2017
Cts 2.0 Luxury Sedan 4D,NA,2017
Ats,NA,2017
Escalade Premium Luxury,Escalade,2017
Cts 2.0 Luxury Sedan 4D,NA,2017
Escalade Platinum 4X4,Escalade,2015
Escalade Luxury,Escalade,2015
Escalade Premium 4X4,Escalade,2015
Xts Luxury Collection,NA,2014
Xts Premium Collection,NA,2014
Xts Luxury Collection,NA,2014
Xts Luxury Collection,NA,2014
Xts Luxury Collection,NA,2014
Xts Platinum Collection,NA,2014
Ats 2.0T,NA,2013
Ats,NA,2013
Xts Premium Collection,NA,2013
Xts Luxury Collection,NA,2013
Xts Premium Collection,NA,2013
Xts Luxury Collection,NA,2013
Xts Luxury Collection,NA,2013
Ats,NA,2013
V-Series,NA,2012
V-Series,NA,2012
V-Series,NA,2012
V-Series,NA,2012
Dts Sedan 4D,NA,2011
Dts Sedan 4D,NA,2011
Dts Sedan 4D,NA,2011
Dts Sedan 4D,NA,2011
Cts,NA,2010
Escalade,Escalade,2009
Escalade,Escalade,2008
Escalade,Escalade,2007
Escalade,Escalade,2007
Srx,NA,2007
Escalade,Escalade,2007
Escalade,Escalade,2007
Escalade,Escalade,2005
V-Series,NA,2005
V-Series,NA,2005
Deville,Seville,2004
Sts,NA,2003
Eldorado,Eldorado,1999
Deville Sedan 4D,NA,1996
Eldorado Coupe,Eldorado,1990
Eldorado,Eldorado,1973
Eldorado,Eldorado,1973
Eldorado,Eldorado,1973
Eldorado,Eldorado,1973
Mdx Sh Awd Gas Suv Auto,NA,2020
Mdx Sh Awd Gas Suv Auto,NA,2020
Rdx Sport Utility 4D,NA,2019
Rdx Sport Utility 4D,NA,2019
Rdx Sport Utility 4D,NA,2019
Mdx Sport Utility 4D,NA,2018
Rdx Technology Pkg Sport,NA,2018
Tlx A-Spec Fwd Gas Sedan,NA,2018
Mdx,NA,2018
Tlx 9-Spd At,NA,2016
Ilx 8-Spd At W/ Premium And Amp; A-Spec Packages,NA,2016
Tlx,NA,2015
Ilx Sedan 4D,NA,2015
Rlx,NA,2014
Mdx,NA,2014
Tsx Sedan 4D,NA,2013
Mdx,NA,2013
Tl,TL,2013
Mdx,NA,2012
Tsx Base,NA,2011
Mdx Tech Pkg,NA,2011
Tsx,NA,2009
Tsx Sedan,NA,2009
Rdx,NA,2007
Mdx,NA,2004
Cl,CL,2001
Tl,TL,1999
Integra,Integra,1996
Gx460 Premium 4X4 Gas Suv,NA,2020
Is 300 F Sport Sedan 4D,NA,2020
Es 350 Sedan 4D,NA,2019
Rx350 Awd Gas Suv Auto,NA,2018
Rx 350 Sport Utility 4D,NA,2018
Rx 350 Sport Utility 4D,NA,2018
Rx 350 Sport Utility 4D,NA,2018
Rx 350 Sport Utility 4D,NA,2018
Rx 350 Sport Utility 4D,NA,2017
Is 200T Is Turbo,NA,2017
Rx 350 Sport Utility 4D,NA,2017
Is 200T Is Turbo,NA,2017
Is 300,IS 350,2016
Rx 350 Sport Utility 4D,NA,2016
Es350 Fwd Gas Sedan Auto,NA,2016
Es 350,ES 350,2016
Rx 350,RX 350,2016
Rx 350 Sport Utility 4D,NA,2016
Rc 350 Coupe 2D,NA,2015
Nx,NA,2015
Nx 200T,NX 200t,2015
Rx 350,RX 350,2014
Is 250 Base 4Dr Sedan,NA,2014
Is 350 Sedan 4D,IS 350 C,2014
Is 350 Sedan 4D,IS 350 C,2014
Is 350 Sedan 4D,IS 350 C,2014
Rx,NA,2014
Rx,NA,2014
Ct 200H Hatchback 4D,NA,2014
Gs 350 Sedan 4D,NA,2013
Gs 350 Base,NA,2013
Rx 350,NA,2013
Gs 350 Base,NA,2013
Gs,NA,2013
Gx,GX,2012
Is 250,NA,2011
Rx 350,NA,2010
Lx 570 Sport Utility 4D,NA,2009
Is 250 Base,NA,2009
Gx,GX,2007
Gx,GX,2007
Rx,RX,2007
Rx,RX,2007
Gx 470,NA,2006
Gs 300,NA,2006
Gs,GX,2006
Es 330,NA,2006
Gx 470,NA,2006
Gx 470 Base 4Dr Suv,NA,2004
Es 300,NA,2002
Gs 300,NA,1998
Sc400,NA,1996
Sportage Lx Awd Gas Suv Auto,NA,2020
Optima,Optima,2019
Sportage Sx,Sportage,2019
Stinger Gt2 Sedan 4D,NA,2018
Forte,Forte,2018
Forte,Forte,2018
Stinger Gt2 Sedan 4D,NA,2018
Sportage Lx,Sportage,2018
Stinger Gt2 Sedan 4D,NA,2018
Niro Lx Fwd Hybrid-Electric,NA,2017
Forte Lx,Forte,2017
Soul,Soul,2017
Forte,Forte,2016
Sorento Lx Awd Gas Suv Auto,NA,2016
Soul,Soul,2015
Optima,Optima,2015
Sorento,Sorento,2015
Sorento,Sorento,2015
Sorento,Sorento,2015
Forte Ex,Forte,2014
Sorento,Sorento,2014
Rio,NA,2014
Sorento,Sorento,2014
Sorento,Sorento,2014
Rio,NA,2014
Sorento,Sorento,2014
Forte Ex,Forte,2014
Sorento,Sorento,2014
Rio,NA,2014
Optima,Optima,2013
Optima,Optima,2013
Optima,Optima,2013
Optima,Optima,2013
Sportage,Sportage,2013
Forte,Forte,2012
Optima Ex,Optima,2012
Rio Lx,Rio,2012
Optima,Optima,2012
Forte,Forte,2012
Optima Sx,Optima,2011
Optima,Optima,2011
Soul Sport +,Sportage,2011
Spectra,Spectra,2009
Borrego Limited,Borrego,2009
Sorento,Sorento,2008
Rio Lx,Rio,2006
Spectra Ex,Spectra,2005
Sportage,Sportage,2001
Sportage Lx,Sportage,2001
Enclave Premium Awd Gas,NA,2020
Enclave Essence,Enclave,2020
Regal Tourx Preferred,NA,2019
Regal Tourx Essence Wagon,NA,2019
Regal Tourx Essence Wagon,NA,2019
Regal Tourx Preferred,NA,2018
Enclave,Enclave,2018
Regal Tourx Preferred,NA,2018
Enclave Premium Awd Gas,NA,2016
Enclave Premium Awd Gas,NA,2016
Lacrosse Leather Sedan 4D,NA,2015
Verano,Verano,2014
Encore Fwd Gas Suv Auto,NA,2013
Enclave,NA,2013
Lacrosse Touring,NA,2013
Encore Fwd Gas Suv Auto,NA,2013
Enclave,Enclave,2012
Lucerne,Lucerne,2011
Lucerne Cxl,Lucerne,2011
Regal,Regal,2011
Enclave,Enclave,2008
Enclave Cxl 4Dr Crossover,NA,2008
Rainer,Rainier,2006
Lesabre,LeSabre,2005
Regal,Regal,2004
Regal,Regal,2003
Lesabre,LeSabre,2001
Century,Century,1999
Regal,Regal,1998
Regal,Regal,1998
Park Avenue,Park Avenue,1998
Regal,Regal,1993
Riviere,Riviera,1988
Grand National,NA,1968
Atlas Se W/Tech Pkg,NA,2020
Atlas,NA,2019
Beetle 2.0T Se,Beetle,2019
Golf R 4Motion,Golf SportWagen,2019
Atlas Sel Sport,NA,2019
Vw Jetta,Jetta,2019
Golf Gti S Hatchback,NA,2018
Golf Se Fwd Gas Auto,NA,2018
Passat 2.0T S Sedan,NA,2018
Atlas S 4Motion Sport,NA,2018
Atlas S 4Motion Sport,NA,2018
Atlas S 4Motion Sport,NA,2018
Golf Sportwagen Tsi S,Golf SportWagen,2018
Golf Tsi S Hatchback,NA,2018
Golf Gti S Hatchback,NA,2018
Golf Sportwagen Tsi S,Golf SportWagen,2018
Tiguan,Tiguan,2018
Jetta,Jetta,2017
Sportswagon,Golf SportWagen,2017
Golf Sportwagen Tsi S,Golf SportWagen,2017
Tiguan Limited 2.0T,NA,2017
Tiguan Limited 2.0T,NA,2017
Golf Sportwagen Tsi S,Golf SportWagen,2017
Golf Sportwagen Tsi S,Golf SportWagen,2017
Jetta,Jetta,2017
Jetta,Jetta,2016
Jetta,Jetta,2016
Jetta,Jetta,2016
Jetta,Jetta,2016
Beetle 1.8T Dune,Beetle,2016
Passat,Passat,2016
Golf Gti S Hatchback,NA,2015
Golf Gti S Hatchback,NA,2015
Golf Gti Se Fwd Gas,NA,2015
Golf S Hatchback,NA,2015
Golf Gti S Hatchback,NA,2015
Golf Gti S Hatchback,NA,2015
Golf Gti Se Fwd Gas,NA,2015
Beetle 1.8T,Beetle,2015
Gti Drivers,NA,2014
Gti Drivers,NA,2014
Jetta Sportwagen 2.0L,Jetta SportWagen,2014
Jetta Sportwagen 2.0L,Jetta SportWagen,2014
Cc Sport,NA,2013
Passat,Passat,2013
Beetle Coupe,Beetle,2013
Beetle Coupe,Beetle,2013
Gti Drivers,NA,2013
Jetta Tdi,Jetta,2013
Passat,Passat,2012
Jetta,Jetta,2012
Beetle 2.5L Hatchback,NA,2012
Jetta Sportwagen Tdi,NA,2012
Jetta 2.5L Se,Jetta,2012
Touareg V6,Touareg,2011
Touareg,Touareg,2011
Golf Tdi,Golf,2011
Tiguan S,Tiguan,2010
Jetta Tdi,Jetta,2009
Beetle,Beetle,2009
Gti,Citi,2009
Passat,Passat,2009
Beetle,New Beetle,2008
Eos,Eos,2008
New Beetle Convertible,New Beetle,2007
Beetle Tdi,New Beetle,2006
Jetta,Jetta,2006
Beetle,New Beetle,2006
Jetta Tdi,Jetta,2005
Gti,NA,2004
Jetta Gli 1.8T 4Dr T,NA,2004
Gti,NA,2004
Beetle,New Beetle,2003
Jetta,NA,2003
Passat,Passat,2002
New Beetle,New Beetle,2000
New Beetle,New Beetle,2000
Beetle,Beetle,1998
Vanagon Syncro,NA,1986
Westfalia,NA,1985
Vanagon,NA,1984
Vanagon Westfalia,NA,1983
Bus/Van,NA,1979
Beetle,Beetle,1978
G70 2.0T Sedan 4D,NA,2020
G80 3.8 Sedan 4D,NA,2019
G70 3.3T Advanced Sedan,NA,2019
G70 2.0T Advanced Sedan,NA,2019
G80 3.8 Sedan 4D,NA,2018
G80,NA,2018
Model 3 Standard Range,NA,2019
Model 3 Standard Range,NA,2019
Model 3 Standard Range,NA,2019
Model 3 Standard Range,NA,2019
Model 3 Standard Range,NA,2019
Model 3 Mid Range Sedan 4D,NA,2018
Model 3 Mid Range Sedan 4D,NA,2018
Model S,NA,2017
Model X 90D W/ 3Rd Row Se,NA,2016
S 85D,NA,2015
Model S,NA,2014
Model S,NA,2014
Model S,NA,2014
Model S Performance Sedan,NA,2012
Model S Performance Sedan,NA,2012
A4 Allroad,allroad,2019
A4 Premium Plus Sedan 4D,NA,2018
A4 Ultra Premium Sedan 4D,NA,2018
Sq5 3.0T Quattro Prestige,NA,2018
Q7,Q7,2018
S4 Premium Plus Sedan 4D,NA,2018
A4 Ultra Premium Sedan 4D,NA,2018
A4,A4,2018
A4 Ultra Premium Sedan 4D,NA,2018
A4 Premium Plus Sedan 4D,NA,2018
A4 Ultra Premium Sedan 4D,NA,2018
A4 Ultra Premium Sedan 4D,NA,2018
Q5 Premium Sport Utility 4D,NA,2018
Q3,Q3,2018
S5 Premium Plus,NA,2018
S5 Premium Plus,NA,2018
A5 Sportback,NA,2018
A4 Ultra Premium Sedan 4D,NA,2018
A4,A4,2017
A4,A4,2017
A4,A4,2017
Sq5,S5,2015
Allroad Premium Plus Wagon,NA,2015
Allroad Premium Plus Wagon,NA,2015
A5 Premium Plus Coupe 2D,NA,2015
Sq5,S5,2015
Q5 2.0T Quattro Progressiv,NA,2014
S4 Sedan Quattro S Tronic,NA,2014
Q7,Q7,2014
Sq5 Premium Plus,NA,2014
S6,A6,2013
S6,A6,2013
A5 2.0T Premium Plus Coupe,NA,2013
S4,A4,2013
A4 Premium 2.0T Quattro,NA,2013
Q5,Q5,2012
S4 3.0T Quattro Premium,NA,2012
S4 3.0 Prestige Quattro,NA,2012
Q5,Q5,2012
S4 Quattro Premium Plus,NA,2012
A5 2.0T Fronttrak Premium,NA,2012
Q5,Q5,2012
Q5,Q5,2012
S4 3.0 Prestige Quattro,NA,2012
Q5 3.2 Premium Plus,NA,2012
Q5,Q5,2012
A5 2.0T Quattro Premium,NA,2011
Q5,Q5,2011
Q5,Q5,2011
A5 Premium Plus Cabriolet,NA,2010
S4 Quattro,NA,2010
A4,A4,2010
Q5 Quattro Premium Plus,NA,2010
S6,S6,2009
Q7 3.0 Tdi Quattro S-Line,NA,2009
S6,S6,2009
A4 Quattro S Line,NA,2008
A4 2.0T,NA,2006
A4,A4,2005
A6,A6,2005
A4,A4,2004
A4,A4,2004
A4 Convertible,NA,2004
A4,A4,2003
A6 Quattro 2.7T,NA,2001
S60 T6 Momentum Sedan 4D,NA,2019
S60 T6 Momentum Sedan 4D,NA,2019
S60 T5 Inscription Sedan,NA,2018
S60 T5 Inscription Premier,NA,2016
S60 T5 Inscription Premier,NA,2016
S60 T5 Inscription Premier,NA,2016
S60 T5 Platinum Sedan 4D,NA,2015
S60 T5 Platinum Sedan 4D,NA,2015
S60 T5 Platinum Sedan 4D,NA,2015
Xc60,XC60,2015
C70,C70,2011
Xc90,XC90,2009
S40,S40,2006
Xc70,V70,1998
960 88K Miles,NA,1995
740,480,1991
240 Dl,240,1989
C-Class C 300,NA,2019
C-Class C 300,NA,2019
Glc,NA,2018
C-Class C 300,NA,2018
C-Class C 300,NA,2018
Benz E63S Amg,NA,2018
Gle 350 4Matic,NA,2018
Gle 350 4Matic,NA,2018
C-Class C 300,NA,2018
C-Class C 300,NA,2018
B-Class B 250E,NA,2017
C-Class Amg C 43,NA,2017
C-Class Amg C 43,NA,2017
Gle,NA,2016
Cls Cls 400 4Matic,NA,2016
Gla 250,NA,2016
C-Class C300 Luxury,NA,2016
C-Class C300 Luxury,NA,2016
Benz C300,NA,2016
E400,NA,2016
Gle Gle 450 Amg,NA,2016
C-Class C300 Luxury,NA,2016
S-Class S 550,NA,2015
S-Class S 63 Amg,NA,2015
S-Class S 550,NA,2015
B-Class Electric,NA,2014
B-Class Electric,NA,2014
B-Class Electric,NA,2014
Cla-Class,NA,2014
B-Class Electric,NA,2014
Benz C300,NA,2013
Sprinter,NA,2013
C-Class C 63 Amg,NA,2013
C 250 Sport,NA,2012
C-Class,NA,2010
Sprinter 2500,NA,2010
M-Class Ml 63 Amg,NA,2010
Gl-Class,NA,2009
Benz C300,NA,2008
Benz E350,NA,2008
Slk55 Amg,NA,2008
M-Class Ml 350 4,NA,2007
Benz Cls 500,NA,2005
,NA,2005
Benz C320,NA,2004
Benz Clk500,NA,2004
Clk 320,NA,1999
300 Se,NA,1991
Benz 380Sl,NA,1984
Cx-3 Sport Utility 4D,NA,2019
Mazda3 Preferred Sedan 4D,NA,2019
Mazda3 Preferred Sedan 4D,NA,2019
Mx-5 Miata Club,MX-5 Miata,2018
Mx-5 Miata Club,MX-5 Miata,2018
Miata,MX-5 Miata,2018
Cx-3 Sport Utility 4D,NA,2018
Mx-5 Miata Club,MX-5 Miata,2018
Cx-3 Sport Utility 4D,NA,2018
Mazda3 Sport Sedan 4D,NA,2018
Mazda6 Sport Sedan 4D,NA,2018
Mx-5 Miata Club,MX-5 Miata,2018
Mazda6,Mazda6,2016
Mazda6 I Grand Touring,NA,2016
Mx-5 Miata Grand Touring,NA,2016
Mx-5 Miata Grand Touring,NA,2016
Mazda6 I Grand Touring,NA,2016
Mazda6,Mazda6,2015
Cx-5,CX-5,2014
Mazda3 I Touring Mt 5-Door,NA,2014
Mazda3 I Grand Touring,NA,2014
Mazda5,NA,2014
Mazda3 I Grand Touring,NA,2013
3,3,2013
5,5,2012
6,6,2012
5,5,2012
3I,3,2011
3,3,2010
Mx-5,NA,2008
6,6,2008
Mazda3 I Touring,NA,2006
Mazda6 S,NA,2005
6,6,2004
Mazda3 I,NA,2004
6,6,2003
Miata,MX-5 Miata,2001
Miata Mx5,MX-5 Miata,1999
Miata,MX-5 Miata,1999
Protege Es 81K Miles,NA,1995
Miata,MX-5 Miata,1995
Bongo Diesel Fire,NA,1993
323,323,1991
929,NA,1991
Q70 3.7 Luxe Sedan 4D,NA,2019
Q50 3.0T Luxe Sedan 4D,NA,2018
Q50 3.0T Luxe Sedan 4D,NA,2018
Q50 3.0T Luxe Sedan 4D,NA,2018
Q50 3.0T Luxe Sedan 4D,NA,2018
Q60 Red Sport 400 Coupe,Q60 Coupe,2018
Q70L 3.7X,Q70,2018
Qx60,QX60,2018
Q50,Q50,2018
Q60 Red Sport 400 Coupe,Q60 Coupe,2017
Q70L,Q70,2017
Q50 3.0T Premium,NA,2017
Qx80 4X4 Gas Suv Auto,NA,2017
Qx60,QX60,2017
Q60 2.0T Coupe 2D,Q60 Coupe,2017
Qx80 Base,NA,2017
Q50 Sport Awd,NA,2015
Q50,Q50,2015
Q50,Q50,2015
Q50 Sport Awd,NA,2015
G G37 Journey Sedan 4D,NA,2013
G G37 Journey Sedan 4D,NA,2013
G37 X Awd Gas Coupe,NA,2013
G G37X Coupe 2D,NA,2012
Qx56,QX56,2012
Fx35 Base,NA,2012
Qx56,QX56,2011
Fx,FX,2011
G37,G37,2010
G G37X Sedan 4D,NA,2010
Fx,FX,2009
G35,G35,2007
Qx56 4Wd,QX56,2006
G35,G35,2005
G35,G35,2004
Stelvio Base,NA,2018
Stelvio,NA,2018
Giulia Q4 Awd Gas,NA,2017
Convertible Cooper S 2D,NA,2018
Hardtop 4 Door Cooper S,NA,2018
Hardtop 4 Door Cooper S,NA,2018
Countryman,Cooper Countryman,2018
Cooper Countryman,Cooper Countryman,2016
Convertible Cooper S 2D,NA,2016
Convertible Cooper S 2D,NA,2016
Countryman,Cooper Countryman,2014
Hardtop,NA,2013
Hardtop,NA,2013
Cooper Countryman S,Countryman,2013
Hardtop,NA,2013
Cooper Base,Cooper Roadster,2012
Cooper,Cooper,2012
Cooper Countryman S,Cooper Countryman,2012
Cooper S,Cooper,2010
Cooper S,Cooper,2008
Cooper,Cooper,2007
Cooper,Cooper,2007
Cooper S 2Dr Hatchback,NA,2006
Cooper S 2Dr Hatchback 55K,NA,2006
124 Spider Classica,NA,2018
124 Spider Classica,NA,2018
124 Spider Classica,NA,2018
500 Pop Hatchback 2D,NA,2018
124 Spider Classica,NA,2017
124 Spider Classica,NA,2017
500L,500,2017
500 Pop Hatchback 2D,NA,2017
500X Lounge Awd,NA,2017
500E,500e,2016
500X,500,2016
500,500,2015
500,500,2015
500 Abarth Gq Edition,NA,2014
500 Abarth Hatchback 2D,NA,2013
500 Abarth Hatchback 2D,NA,2013
500 Abarth Hatchback 2D,NA,2013
F-Pace,NA,2018
Xjr,NA,2016
F-Type S Convertible 2D,NA,2014
Xk8,NA,1999
Xj6,XJ6,1986
Xj6,NA,1984
Mk1 Saloon,NA,1959
Mark Vii,NA,1952
Granturismo Mc,GranTurismo,2017
Ghibli S Q4,Ghibli,2015
Quattroporte Gts Sedan,Quattroporte,2014
Quattroporte Gts Sedan,Quattroporte,2014
Granturismo S,GranTurismo,2011
Tc Hatchback Coupe 2D,NA,2015
Fr-S Coupe 2D,NA,2013
Xb,NA,2012
Xb,NA,2011
Xd Base,NA,2010
Xb,NA,2010
Xb,NA,2008
Tc,NA,2007
458 Spider Convertible,NA,2013
458 Spider,NA,2013
458 Spider Convertible,NA,2013
Mariner,Mariner,2011
Mariner,Mariner,2010
Mountaineer Premier Awd,Mountaineer,2005
Cougar Xr7,Cougar,1971
Cougar Xr7,Cougar,1971
Monterey,Monterey,1953
Sky Roadster 2D,NA,2009
Sky Roadster 2D,NA,2009
Sky Roadster 2D,NA,2009
Vue,Vue,2007
Aura,Aura,2007
Aura Xr,Aura,2007
Ion,NA,2006
Ion,NA,2003
Xl7,XL7,2008
Alto Works,Alto,1993
Sidekick,NA,1992
Carry Truck,NA,1991
Town Car Executive L,Town Car,2008
Town Car Signature,Town Car,2006
Town Car Limousine,Town Car,2006
Ls,LS,2005
Town Car Signature,Town Car,2001
Town Car,Town Car,2001
Town Car Signature,Town Car,2001
Continental,Continental,1987
Solstice,Solstice,2006
Grand Prix,Grand Prix,2004
Grand Am,Grand Prix,2000
Firebird Spirit,Firebird,1977
H3,H3,2006
H3,H3,2006
H3,H3,2006
H3,H3,2006
H2 Lux Series,NA,2005
H2,H2,2003
9-3,93,2004
900S,900,1995
Silhouette,Silhouette,2003
Alero,Alero,2003
Bravada,Bravada,2001
Cutlass Supreme,Cutlass,1992
Custom Cruiser Wagon,NA,1989
Rodeo,NA,2002
Npr,NA,2001
Trooper,NA,1999
Rodeo 4X4,NA,1993
Pickup,NA,1991
Trooper,Trooper,1986
Mustang,NA,1998
Breeze,NA,1997
Fury Vip,NA,1966
Diesel Truck,NA,1987
Tr6,TR6,1975
240Z,240Z,1971
Hawk,NA,1963
Silver Hawk,Silver Hawk,1959
